Development_Row,Fold,y_true,y_probability,y_prediction
0,2,0,0.5786087512969971,1
1,5,1,0.4659106731414795,0
2,2,0,0.5436196327209473,0
3,5,1,0.6311857104301453,1
4,4,0,0.5715768337249756,1
5,4,0,0.5324692726135254,0
6,5,0,0.08326955139636993,0
7,5,1,0.7625078558921814,1
8,5,1,0.2439727783203125,0
9,2,0,0.259557843208313,0
10,2,0,0.3189658224582672,0
11,3,0,0.47490194439888,0
12,5,0,0.0974050909280777,0
13,4,1,0.4698367416858673,0
14,5,1,0.7293782234191895,1
15,5,0,0.25909581780433655,0
16,4,0,0.11070171743631363,0
17,3,0,0.07165615260601044,0
18,2,0,0.04291516914963722,0
19,3,0,0.13879750669002533,0
20,5,1,0.6121639609336853,1
21,4,0,0.4846157729625702,0
22,4,0,0.08993890136480331,0
23,5,0,0.2958128750324249,0
24,5,1,0.03483683243393898,0
25,5,0,0.14751829206943512,0
26,2,0,0.12244078516960144,0
27,5,0,0.2358785718679428,0
28,3,0,0.12229306995868683,0
29,4,0,0.05041629821062088,0
30,2,0,0.1873280555009842,0
31,5,0,0.14296486973762512,0
32,3,1,0.564082682132721,1
33,4,1,0.6065779328346252,1
34,5,1,0.18805868923664093,0
35,5,1,0.5175371766090393,0
36,3,0,0.9298785924911499,1
37,5,0,0.017122440040111542,0
38,2,0,0.9027085900306702,1
39,2,0,0.24100369215011597,0
40,2,0,0.2672252953052521,0
41,4,0,0.13278576731681824,0
42,3,0,0.060139819979667664,0
43,2,0,0.25733068585395813,0
44,5,0,0.3214721083641052,0
45,4,0,0.13494659960269928,0
46,3,0,0.05388716980814934,0
47,3,0,0.08221923559904099,0
48,5,0,0.03328945115208626,0
49,4,0,0.030120989307761192,0
50,4,0,0.33814695477485657,0
51,5,0,0.5640120506286621,1
52,2,0,0.8340156078338623,1
53,4,0,0.43011727929115295,0
54,5,1,0.07366393506526947,0
55,3,0,0.3643753230571747,0
56,3,0,0.14293144643306732,0
57,5,0,0.2414318025112152,0
58,2,0,0.2589230239391327,0
59,2,0,0.6368680596351624,1
60,3,0,0.07525388151407242,0
61,4,0,0.18429076671600342,0
62,2,0,0.042579587548971176,0
63,5,0,0.06298062950372696,0
64,4,0,0.07616838812828064,0
65,5,0,0.07007302343845367,0
66,3,0,0.7178928256034851,1
67,3,0,0.02186819352209568,0
68,3,0,0.5470678210258484,0
69,4,0,0.06792091578245163,0
70,5,0,0.08502951264381409,0
71,5,0,0.6125969290733337,1
72,2,0,0.25625360012054443,0
73,5,0,0.25732120871543884,0
74,4,0,0.4745563864707947,0
75,3,0,0.32627546787261963,0
76,2,1,0.11384789645671844,0
77,5,0,0.04994489252567291,0
78,5,0,0.15767380595207214,0
79,2,0,0.06602200120687485,0
80,5,0,0.034719545394182205,0
81,3,0,0.3039667308330536,0
82,5,0,0.4583629071712494,0
83,5,0,0.09734092652797699,0
84,3,0,0.1252088099718094,0
85,4,0,0.387997567653656,0
86,2,0,0.062019672244787216,0
87,2,1,0.8229798674583435,1
88,3,0,0.16107885539531708,0
89,2,0,0.04508742317557335,0
90,5,0,0.08387413620948792,0
91,3,0,0.21688422560691833,0
92,2,1,0.8878818154335022,1
93,4,0,0.05555395409464836,0
94,5,0,0.08970903605222702,0
95,3,0,0.056245461106300354,0
96,5,0,0.051528189331293106,0
97,4,0,0.1786385029554367,0
98,5,0,0.11999422311782837,0
99,2,0,0.04641151800751686,0
100,5,0,0.07148730009794235,0
101,3,0,0.07203691452741623,0
102,3,0,0.1398729830980301,0
103,4,0,0.048829566687345505,0
104,3,0,0.024920791387557983,0
105,5,0,0.18568392097949982,0
106,5,0,0.24959062039852142,0
107,2,0,0.03950484097003937,0
108,4,0,0.05677424371242523,0
109,3,0,0.01879771053791046,0
110,5,0,0.006575094535946846,0
111,2,0,0.01081919390708208,0
112,3,0,0.010187620297074318,0
113,5,0,0.014476288110017776,0
114,4,0,0.6079995632171631,1
115,5,0,0.038367848843336105,0
116,4,0,0.02166055701673031,0
117,4,0,0.039360467344522476,0
118,2,1,0.26951420307159424,0
119,3,1,0.04611015319824219,0
120,2,1,0.3564477264881134,0
121,5,0,0.20341041684150696,0
122,4,0,0.061324164271354675,0
123,3,0,0.12375679612159729,0
124,5,0,0.16321860253810883,0
125,5,0,0.6618669629096985,1
126,2,0,0.4878511428833008,0
127,4,0,0.08957381546497345,0
128,5,1,0.21223421394824982,0
129,2,1,0.4818063974380493,0
130,2,0,0.047964613884687424,0
131,5,0,0.10580052435398102,0
132,4,0,0.09493184089660645,0
133,5,0,0.35054251551628113,0
134,5,0,0.09514889121055603,0
135,5,0,0.26799315214157104,0
136,5,0,0.37334468960762024,0
137,5,0,0.05049598217010498,0
138,5,0,0.14216041564941406,0
139,4,0,0.5522328615188599,0
140,5,0,0.24230682849884033,0
141,3,0,0.5654018521308899,1
142,2,0,0.04008530452847481,0
143,4,0,0.06931719928979874,0
144,4,0,0.05636895075440407,0
145,5,0,0.02334967628121376,0
146,3,0,0.0424349345266819,0
147,2,0,0.01027765404433012,0
148,3,0,0.031074509024620056,0
149,4,0,0.11537837982177734,0
150,5,0,0.019944585859775543,0
151,2,0,0.023909052833914757,0
152,3,0,0.00965472124516964,0
153,4,0,0.018793955445289612,0
154,5,0,0.015033497475087643,0
155,2,0,0.012759254314005375,0
156,3,0,0.011118436232209206,0
157,4,0,0.02276267670094967,0
158,4,0,0.02929345890879631,0
159,5,1,0.7853703498840332,1
160,4,0,0.029994254931807518,0
161,4,1,0.37354835867881775,0
162,5,0,0.23341163992881775,0
163,5,0,0.07012961059808731,0
164,5,0,0.17103974521160126,0
165,5,0,0.040586601942777634,0
166,3,0,0.13177832961082458,0
167,2,0,0.49167484045028687,0
168,5,0,0.08505357801914215,0
169,5,0,0.02288701944053173,0
170,2,0,0.07241497188806534,0
171,4,0,0.5908499956130981,1
172,5,0,0.8262944221496582,1
173,2,0,0.7042157649993896,1
174,5,0,0.0081151919439435,0
175,4,0,0.03847602754831314,0
176,2,0,0.026156110689044,0
177,5,0,0.4802200198173523,0
178,3,0,0.023400060832500458,0
179,4,0,0.3828704357147217,0
180,2,0,0.20030106604099274,0
181,2,0,0.1599368005990982,0
182,5,0,0.1659424901008606,0
183,5,0,0.01403720397502184,0
184,3,0,0.11661507934331894,0
185,5,1,0.3407772183418274,0
186,5,0,0.12558656930923462,0
187,4,0,0.06796421855688095,0
188,2,0,0.09953682124614716,0
189,3,0,0.4582858085632324,0
190,4,0,0.08933740109205246,0
191,3,1,0.7650581002235413,1
192,4,0,0.06547272205352783,0
193,3,0,0.07369129359722137,0
194,5,0,0.031214173883199692,0
195,5,1,0.055644441395998,0
196,3,0,0.08805724233388901,0
197,5,0,0.07883653044700623,0
198,3,0,0.07111764699220657,0
199,5,0,0.06801310181617737,0
200,3,1,0.2764115631580353,0
201,5,0,0.028180282562971115,0
202,5,1,0.9212587475776672,1
203,3,0,0.1543269157409668,0
204,3,0,0.2153579592704773,0
205,4,0,0.04831971228122711,0
206,2,0,0.14499662816524506,0
207,4,0,0.44222137331962585,0
208,2,0,0.22614875435829163,0
209,3,1,0.8798846006393433,1
210,2,0,0.345375120639801,0
211,5,1,0.9212484359741211,1
212,2,1,0.4247875213623047,0
213,2,0,0.1487094908952713,0
214,5,0,0.6345645785331726,1
215,2,1,0.5373101234436035,0
216,5,0,0.10460514575242996,0
217,3,0,0.21520014107227325,0
218,5,1,0.8019348978996277,1
219,3,1,0.33532118797302246,0
220,5,1,0.5088387727737427,0
221,3,1,0.6457393765449524,1
222,4,0,0.7072756886482239,1
223,2,0,0.7112187147140503,1
224,3,1,0.875622570514679,1
225,4,0,0.5416081547737122,0
226,2,1,0.7508488893508911,1
227,4,0,0.16233690083026886,0
228,5,1,0.157276913523674,0
229,5,0,0.1048140823841095,0
230,2,0,0.13405248522758484,0
231,5,0,0.09471259266138077,0
232,3,0,0.046323467046022415,0
233,5,1,0.7332888841629028,1
234,5,0,0.277203768491745,0
235,5,0,0.15277142822742462,0
236,5,0,0.16833680868148804,0
237,3,0,0.11921323090791702,0
238,5,1,0.2960253655910492,0
239,2,0,0.056306831538677216,0
240,4,0,0.20951992273330688,0
241,2,0,0.04678904637694359,0
242,5,0,0.7471878528594971,1
243,5,0,0.20185011625289917,0
244,3,0,0.2083808183670044,0
245,5,0,0.14582012593746185,0
246,5,0,0.7856025099754333,1
247,5,0,0.26192066073417664,0
248,2,1,0.14249226450920105,0
249,4,0,0.1615714430809021,0
250,5,0,0.02810288593173027,0
251,5,0,0.03741045668721199,0
252,5,0,0.7263379693031311,1
253,3,0,0.15777996182441711,0
254,5,0,0.35559549927711487,0
255,4,0,0.03618324548006058,0
256,5,0,0.7718716859817505,1
257,2,0,0.14678031206130981,0
258,3,0,0.04301993548870087,0
259,4,0,0.014741191640496254,0
260,3,0,0.07711967080831528,0
261,2,0,0.20725402235984802,0
262,3,0,0.09533622115850449,0
263,5,0,0.011810487136244774,0
264,5,0,0.3180115818977356,0
265,3,0,0.027226438745856285,0
266,5,0,0.1450914889574051,0
267,4,0,0.014949310570955276,0
268,4,0,0.6727421879768372,1
269,4,1,0.7604175806045532,1
270,3,0,0.0802023783326149,0
271,5,0,0.33425047993659973,0
272,3,1,0.08646255731582642,0
273,2,0,0.1383601278066635,0
274,3,0,0.03788008540868759,0
275,5,0,0.08349496126174927,0
276,4,0,0.06568816304206848,0
277,5,0,0.015157490037381649,0
278,5,0,0.15705686807632446,0
279,5,1,0.014499743469059467,0
280,4,0,0.037577614188194275,0
281,4,0,0.05686940252780914,0
282,5,0,0.07842117547988892,0
283,3,0,0.048231933265924454,0
284,5,0,0.13130789995193481,0
285,2,0,0.09295614063739777,0
286,5,1,0.10481591522693634,0
287,3,0,0.37823522090911865,0
288,4,0,0.6565437316894531,1
289,5,0,0.019539423286914825,0
290,5,0,0.08292809128761292,0
291,2,1,0.8114176988601685,1
292,3,0,0.6168630123138428,1
293,4,0,0.341683954000473,0
294,5,0,0.5990211963653564,1
295,2,0,0.27209314703941345,0
296,2,0,0.01730349287390709,0
297,4,0,0.4458688497543335,0
298,3,0,0.1944805085659027,0
299,5,0,0.042774785310029984,0
300,3,1,0.37782442569732666,0
301,5,0,0.7080910801887512,1
302,4,0,0.08855012059211731,0
303,4,0,0.04532252997159958,0
304,4,0,0.09380035847425461,0
305,5,0,0.04051896184682846,0
306,2,0,0.0632709488272667,0
307,5,1,0.024273116141557693,0
308,5,0,0.08399864286184311,0
309,3,0,0.016133485361933708,0
310,5,0,0.014143594540655613,0
311,5,0,0.015249709598720074,0
312,5,0,0.018939737230539322,0
313,3,0,0.06743976473808289,0
314,2,0,0.16421355307102203,0
315,5,0,0.21180501580238342,0
316,5,0,0.05185278132557869,0
317,2,0,0.055093009024858475,0
318,5,1,0.0437433086335659,0
319,2,0,0.034571271389722824,0
320,5,0,0.2961373031139374,0
321,5,1,0.02909104712307453,0
322,5,1,0.14562678337097168,0
323,4,0,0.03283676505088806,0
324,1,0,0.06287070363759995,0
325,5,0,0.061919014900922775,0
326,3,0,0.1424696296453476,0
327,5,0,0.03615672513842583,0
328,2,0,0.039321187883615494,0
329,4,0,0.040213439613580704,0
330,5,1,0.12123721092939377,0
331,3,0,0.26431432366371155,0
332,3,0,0.16915757954120636,0
333,4,0,0.06890618056058884,0
334,5,0,0.22945091128349304,0
335,2,0,0.18390151858329773,0
336,3,0,0.5512987375259399,0
337,2,0,0.46165579557418823,0
338,4,1,0.16392271220684052,0
339,5,0,0.0930517241358757,0
340,5,0,0.08675462007522583,0
341,4,0,0.11419463157653809,0
342,5,0,0.03163493424654007,0
343,5,0,0.03274603188037872,0
344,5,0,0.12066222727298737,0
345,5,1,0.21844205260276794,0
346,2,0,0.046995680779218674,0
347,4,0,0.08253592252731323,0
348,2,0,0.03214240074157715,0
349,4,0,0.029041161760687828,0
350,5,0,0.04521724954247475,0
351,5,0,0.30004963278770447,0
352,3,0,0.06141900643706322,0
353,2,0,0.09338047355413437,0
354,5,0,0.13648875057697296,0
355,5,0,0.04268646612763405,0
356,4,0,0.032924674451351166,0
357,2,0,0.5521827340126038,0
358,5,0,0.016617177054286003,0
359,3,0,0.08370554447174072,0
360,5,0,0.02801492251455784,0
361,5,0,0.026648078113794327,0
362,5,0,0.23858919739723206,0
363,5,0,0.02899503894150257,0
364,5,1,0.6920746564865112,1
365,2,0,0.036135826259851456,0
366,5,1,0.3163644075393677,0
367,3,0,0.1178746372461319,0
368,5,0,0.6195728182792664,1
369,3,0,0.6881512403488159,1
370,2,0,0.019937535747885704,0
371,4,0,0.1814018189907074,0
372,5,0,0.018504198640584946,0
373,2,0,0.01594860479235649,0
374,2,1,0.6973281502723694,1
375,3,0,0.025370007380843163,0
376,5,0,0.7623109221458435,1
377,3,0,0.3413233458995819,0
378,3,1,0.3914547860622406,0
379,2,0,0.026440763846039772,0
380,5,0,0.06329810619354248,0
381,4,1,0.49408549070358276,0
382,4,0,0.08040549606084824,0
383,5,0,0.024728525429964066,0
384,2,0,0.1845819652080536,0
385,5,0,0.04833173006772995,0
386,2,0,0.014240332879126072,0
387,4,0,0.26095324754714966,0
388,4,0,0.17350348830223083,0
389,4,0,0.11670801788568497,0
390,5,0,0.0667610615491867,0
391,3,0,0.03604836016893387,0
392,5,0,0.5975952744483948,1
393,5,0,0.046420950442552567,0
394,5,1,0.759556233882904,1
395,5,0,0.062390636652708054,0
396,5,0,0.20125627517700195,0
397,5,0,0.07738949358463287,0
398,5,0,0.14559681713581085,0
399,5,0,0.03593963012099266,0
400,4,0,0.34933197498321533,0
401,2,0,0.046354129910469055,0
402,3,0,0.028742939233779907,0
403,5,0,0.059587039053440094,0
404,5,0,0.09365607798099518,0
405,2,0,0.17638114094734192,0
406,3,0,0.21775443851947784,0
407,3,0,0.08012982457876205,0
408,3,0,0.07136114686727524,0
409,4,0,0.12599904835224152,0
410,5,0,0.11361103504896164,0
411,3,1,0.057831455022096634,0
412,3,0,0.09632228314876556,0
413,5,0,0.03554032742977142,0
414,2,0,0.005809504073113203,0
415,3,0,0.025455161929130554,0
416,4,0,0.017625223845243454,0
417,5,0,0.005902859382331371,0
418,2,0,0.01456126943230629,0
419,5,0,0.02629460208117962,0
420,3,0,0.023837029933929443,0
421,4,0,0.010846253484487534,0
422,2,0,0.009221426211297512,0
423,5,0,0.019532522186636925,0
424,5,0,0.013716969639062881,0
425,3,0,0.010798717848956585,0
426,3,0,0.008004751056432724,0
427,4,0,0.09665856510400772,0
428,5,0,0.018820717930793762,0
429,5,0,0.007423519156873226,0
430,4,0,0.00512475473806262,0
431,3,0,0.06580344587564468,0
432,4,0,0.1083645448088646,0
433,5,0,0.04278596490621567,0
434,2,0,0.07977403700351715,0
435,3,0,0.05036162585020065,0
436,5,0,0.01730697974562645,0
437,5,0,0.020768461748957634,0
438,2,0,0.33924973011016846,0
439,5,0,0.11716700345277786,0
440,3,0,0.1370937079191208,0
441,2,0,0.023103665560483932,0
442,4,0,0.31845787167549133,0
443,5,0,0.3045128285884857,0
444,4,1,0.8185874819755554,1
445,3,0,0.1210867315530777,0
446,5,0,0.013318974524736404,0
447,2,0,0.37216025590896606,0
448,3,0,0.7229753732681274,1
449,4,0,0.1641893833875656,0
450,3,0,0.13106636703014374,0
451,5,0,0.008377489633858204,0
452,2,1,0.2556667923927307,0
453,5,0,0.9186733961105347,1
454,5,0,0.08344513177871704,0
455,3,0,0.14606873691082,0
456,4,0,0.9030979871749878,1
457,4,0,0.12862829864025116,0
458,2,0,0.3983461260795593,0
459,5,0,0.012857542373239994,0
460,2,0,0.036653224378824234,0
461,5,0,0.10982232540845871,0
462,5,0,0.08806589245796204,0
463,3,0,0.03462386876344681,0
464,2,0,0.262780100107193,0
465,5,0,0.2941678762435913,0
466,5,0,0.3710170090198517,0
467,3,1,0.043757449835538864,0
468,3,0,0.06985383480787277,0
469,5,0,0.049869418144226074,0
470,5,0,0.05807799473404884,0
471,2,0,0.02536151558160782,0
472,4,0,0.029775207862257957,0
473,4,0,0.10801328718662262,0
474,4,0,0.06905621290206909,0
475,2,0,0.06642341613769531,0
476,5,0,0.023582400754094124,0
477,3,0,0.03261169418692589,0
478,4,0,0.12427287548780441,0
479,2,0,0.2366843968629837,0
480,4,0,0.031318165361881256,0
481,4,0,0.057863302528858185,0
482,3,1,0.7203681468963623,1
483,5,0,0.718774676322937,1
484,2,0,0.8114220499992371,1
485,5,0,0.044800132513046265,0
486,4,0,0.39112257957458496,0
487,5,1,0.8528648614883423,1
488,4,1,0.9503782987594604,1
489,2,0,0.0724492222070694,0
490,5,0,0.5174825191497803,0
491,4,0,0.04208977520465851,0
492,2,0,0.10026227682828903,0
493,5,0,0.048690930008888245,0
494,3,0,0.09018601477146149,0
495,3,0,0.024691183120012283,0
496,5,0,0.06533680856227875,0
497,3,0,0.07700110226869583,0
498,5,0,0.1421094536781311,0
499,2,0,0.21307247877120972,0
500,4,1,0.2789314091205597,0
501,5,1,0.8952549695968628,1
502,3,1,0.7258409857749939,1
503,4,0,0.011606038548052311,0
504,5,0,0.0529782697558403,0
505,5,0,0.4979342222213745,0
506,2,0,0.10116712749004364,0
507,3,0,0.07368992269039154,0
508,5,1,0.23684127628803253,0
509,5,0,0.7935057282447815,1
510,4,0,0.04363924264907837,0
511,5,1,0.8548651337623596,1
512,2,1,0.5666711926460266,1
513,5,0,0.0227347481995821,0
514,3,0,0.03483414277434349,0
515,2,0,0.2937289774417877,0
516,3,0,0.09966418892145157,0
517,5,0,0.1276073306798935,0
518,3,0,0.18828347325325012,0
519,5,0,0.12839604914188385,0
520,4,0,0.07890023291110992,0
521,4,0,0.10040924698114395,0
522,5,0,0.11486392468214035,0
523,4,1,0.8233543038368225,1
524,5,0,0.0961182489991188,0
525,5,0,0.4458453953266144,0
526,4,0,0.06320351362228394,0
527,5,0,0.029448892921209335,0
528,2,0,0.3448311388492584,0
529,3,0,0.46285733580589294,0
530,5,0,0.17334096133708954,0
531,3,1,0.16112373769283295,0
532,5,1,0.9300569891929626,1
533,4,0,0.031780585646629333,0
534,5,0,0.0307479090988636,0
535,2,0,0.02426820807158947,0
536,5,0,0.0640263706445694,0
537,3,1,0.6147074699401855,1
538,5,0,0.04374014586210251,0
539,5,0,0.01947007142007351,0
540,5,0,0.02127854712307453,0
541,2,0,0.0450921468436718,0
542,3,0,0.16330109536647797,0
543,2,0,0.010923187248408794,0
544,3,0,0.10686878859996796,0
545,4,0,0.048472728580236435,0
546,3,0,0.06331605464220047,0
547,3,0,0.08922524750232697,0
548,5,0,0.02663077414035797,0
549,5,0,0.6659660339355469,1
550,3,0,0.032391659915447235,0
551,4,0,0.36908018589019775,0
552,3,0,0.05904455482959747,0
553,5,0,0.2065119743347168,0
554,2,0,0.18026414513587952,0
555,4,0,0.021445656195282936,0
556,4,1,0.0602106899023056,0
557,4,0,0.03845851123332977,0
558,3,1,0.4831688702106476,0
559,2,0,0.01932072639465332,0
560,4,0,0.09118387848138809,0
561,2,0,0.27258312702178955,0
562,2,1,0.4745473563671112,0
563,4,0,0.251883864402771,0
564,5,0,0.1884019374847412,0
565,4,0,0.0928567424416542,0
566,2,0,0.0731208547949791,0
567,5,0,0.1462542563676834,0
568,4,0,0.015666883438825607,0
569,3,0,0.023598168045282364,0
570,5,0,0.04268835484981537,0
571,2,0,0.05258483067154884,0
572,2,0,0.04404861107468605,0
573,5,0,0.12000320106744766,0
574,5,0,0.12780292332172394,0
575,5,0,0.18811486661434174,0
576,3,0,0.037671636790037155,0
577,4,0,0.03057963028550148,0
578,5,0,0.25452178716659546,0
579,3,0,0.03520195186138153,0
580,4,0,0.03700503706932068,0
581,4,0,0.024248503148555756,0
582,5,0,0.04144586622714996,0
583,4,0,0.13139460980892181,0
584,4,0,0.05689435079693794,0
585,4,0,0.03506654128432274,0
586,5,0,0.032872844487428665,0
587,4,0,0.1051107719540596,0
588,2,0,0.24865655601024628,0
589,5,0,0.3978421986103058,0
590,5,1,0.11998862028121948,0
591,4,0,0.02224837616086006,0
592,5,1,0.052550919353961945,0
593,4,0,0.057453203946352005,0
594,5,0,0.13421054184436798,0
595,5,0,0.1339762806892395,0
596,5,1,0.0478428490459919,0
597,5,0,0.3815915882587433,0
598,5,0,0.2314591109752655,0
599,2,0,0.12674446403980255,0
600,5,0,0.0343465581536293,0
601,3,0,0.13091903924942017,0
602,5,0,0.2680787444114685,0
603,3,0,0.012252996675670147,0
604,5,0,0.042776014655828476,0
605,5,0,0.4889678955078125,0
606,2,0,0.030040757730603218,0
607,5,0,0.30436649918556213,0
608,5,0,0.6259534955024719,1
609,5,0,0.03313404694199562,0
610,3,0,0.012250855565071106,0
611,4,0,0.09940212965011597,0
612,2,0,0.07437741756439209,0
613,3,0,0.07315784692764282,0
614,2,0,0.12863440811634064,0
615,4,0,0.018666788935661316,0
616,5,1,0.754071056842804,1
617,5,1,0.2996958792209625,0
618,5,0,0.27394211292266846,0
619,5,0,0.514175534248352,0
620,5,0,0.1839303970336914,0
621,5,0,0.2389340102672577,0
622,5,1,0.6677326560020447,1
623,4,0,0.011845198459923267,0
624,3,0,0.12319678068161011,0
625,2,0,0.07076513767242432,0
626,3,0,0.016028733924031258,0
627,5,0,0.023404184728860855,0
628,2,0,0.049735020846128464,0
629,5,0,0.5275300741195679,0
630,3,0,0.0695129781961441,0
631,2,0,0.007255801931023598,0
632,2,0,0.05215292051434517,0
633,5,0,0.6093120574951172,1
634,5,0,0.10364391654729843,0
635,5,0,0.0875849649310112,0
636,3,0,0.07369980216026306,0
637,5,0,0.12428916990756989,0
638,4,0,0.06062344089150429,0
639,5,1,0.06610147655010223,0
640,5,0,0.8098362684249878,1
641,4,0,0.05790334567427635,0
642,4,0,0.06636064499616623,0
643,5,0,0.17478007078170776,0
644,5,0,0.037555109709501266,0
645,5,1,0.6616434454917908,1
646,5,0,0.1607462614774704,0
647,5,0,0.052544862031936646,0
648,5,0,0.05565372854471207,0
649,2,0,0.21291810274124146,0
650,4,1,0.15550880134105682,0
651,5,0,0.10087797045707703,0
652,2,0,0.07223686575889587,0
653,5,0,0.2052653282880783,0
654,5,0,0.05341564863920212,0
655,3,0,0.03458818420767784,0
656,2,0,0.01852976344525814,0
657,2,0,0.12515482306480408,0
658,5,0,0.14321869611740112,0
659,5,0,0.05459888279438019,0
660,5,1,0.6308362483978271,1
661,5,1,0.6132062673568726,1
662,5,0,0.1140107735991478,0
663,5,0,0.1486416608095169,0
664,2,0,0.04390721768140793,0
665,3,0,0.02153000794351101,0
666,5,0,0.027245933189988136,0
667,5,0,0.032667092978954315,0
668,2,0,0.2042231559753418,0
669,5,0,0.11586689949035645,0
670,4,0,0.05609541013836861,0
671,4,0,0.013310673646628857,0
672,4,0,0.07761432975530624,0
673,2,0,0.022349584847688675,0
674,4,1,0.03339627385139465,0
675,3,0,0.07238732278347015,0
676,5,1,0.6133232712745667,1
677,5,1,0.6228740811347961,1
678,2,0,0.38547950983047485,0
679,2,0,0.4251013398170471,0
680,5,0,0.26678943634033203,0
681,2,0,0.07906594127416611,0
682,3,0,0.0698397234082222,0
683,2,0,0.08096390217542648,0
684,5,0,0.09704601019620895,0
685,2,0,0.0113868722692132,0
686,4,0,0.02829754911363125,0
687,3,0,0.010233212262392044,0
688,5,1,0.5705834627151489,1
689,2,0,0.08705003559589386,0
690,2,0,0.02079768106341362,0
691,2,0,0.0232868529856205,0
692,5,0,0.11976458877325058,0
693,3,1,0.736717164516449,1
694,4,0,0.5356007814407349,0
695,2,0,0.2586398720741272,0
696,4,0,0.18644776940345764,0
697,5,0,0.1061020940542221,0
698,5,0,0.5705100893974304,1
699,2,0,0.04123583063483238,0
700,3,0,0.07147306948900223,0
701,3,0,0.10439189523458481,0
702,2,0,0.25761109590530396,0
703,5,0,0.08871399611234665,0
704,4,0,0.03969473019242287,0
705,5,0,0.0429425947368145,0
706,5,1,0.7053133845329285,1
707,4,0,0.02967165596783161,0
708,5,0,0.06795210391283035,0
709,4,0,0.032087162137031555,0
710,2,1,0.346576064825058,0
711,5,0,0.03421792760491371,0
712,5,0,0.06994489580392838,0
713,5,0,0.0326247401535511,0
714,3,0,0.14480651915073395,0
715,5,0,0.014372523874044418,0
716,5,1,0.08381514251232147,0
717,4,1,0.3923170566558838,0
718,2,0,0.5402916669845581,0
719,5,0,0.017486881464719772,0
720,5,0,0.1155707910656929,0
721,3,0,0.06573128700256348,0
722,5,0,0.11208255589008331,0
723,4,0,0.08501403033733368,0
724,5,0,0.026176687330007553,0
725,5,0,0.037433333694934845,0
726,5,1,0.030061868950724602,0
727,5,1,0.02482844889163971,0
728,5,0,0.023556875064969063,0
729,3,0,0.021461546421051025,0
730,5,0,0.07626760005950928,0
731,2,1,0.12106691300868988,0
732,3,0,0.05276031792163849,0
733,3,0,0.3971610963344574,0
734,2,0,0.7734729647636414,1
735,5,0,0.032613709568977356,0
736,3,0,0.10727283358573914,0
737,2,1,0.4636327922344208,0
738,5,1,0.06252261996269226,0
739,4,0,0.16022448241710663,0
740,5,0,0.04805392399430275,0
741,5,0,0.011309786699712276,0
742,2,0,0.13726192712783813,0
743,2,0,0.12571291625499725,0
744,5,0,0.10092194378376007,0
745,3,0,0.022677240893244743,0
746,2,0,0.014689885079860687,0
747,5,0,0.023539546877145767,0
748,2,0,0.09520602971315384,0
749,2,0,0.06952349841594696,0
750,5,0,0.7344145178794861,1
751,4,0,0.05634080618619919,0
752,2,0,0.1312781274318695,0
753,2,0,0.6027638912200928,1
754,4,1,0.8500036001205444,1
755,5,0,0.12611576914787292,0
756,2,0,0.033912044018507004,0
757,2,0,0.06355114281177521,0
758,3,0,0.058025240898132324,0
759,4,0,0.4251563251018524,0
760,4,0,0.07849361002445221,0
761,4,0,0.07777766138315201,0
762,5,0,0.058537550270557404,0
763,4,0,0.36237940192222595,0
764,2,1,0.8130642175674438,1
765,3,1,0.6313544511795044,1
766,5,0,0.13960035145282745,0
767,3,0,0.012781401164829731,0
768,2,1,0.04752730950713158,0
769,3,0,0.22933995723724365,0
770,4,0,0.08467277884483337,0
771,5,0,0.5552019476890564,0
772,2,0,0.018037062138319016,0
773,5,0,0.11720964312553406,0
774,3,0,0.010573362000286579,0
775,5,0,0.09820255637168884,0
776,3,0,0.1273595094680786,0
777,5,1,0.6799196004867554,1
778,3,0,0.2369990199804306,0
779,3,0,0.04551710560917854,0
780,2,0,0.030920222401618958,0
781,5,0,0.7502039670944214,1
782,5,0,0.029398983344435692,0
783,5,0,0.8103431463241577,1
784,5,0,0.03388405218720436,0
785,2,0,0.08727765828371048,0
786,5,0,0.027744339779019356,0
787,3,0,0.039924196898937225,0
788,4,0,0.047429148107767105,0
789,5,0,0.02768046036362648,0
790,4,0,0.1311071813106537,0
791,5,1,0.08836819976568222,0
792,5,0,0.041421979665756226,0
793,2,0,0.283279687166214,0
794,4,0,0.6891423463821411,1
795,5,1,0.31752532720565796,0
796,5,0,0.8273268938064575,1
797,5,1,0.7717105746269226,1
798,5,0,0.7333121299743652,1
799,3,0,0.06598106771707535,0
800,5,0,0.030531805008649826,0
801,5,0,0.07290191948413849,0
802,5,0,0.07227365672588348,0
803,3,0,0.1861453801393509,0
804,4,0,0.22087831795215607,0
805,5,0,0.031090838834643364,0
806,3,0,0.05236096680164337,0
807,2,0,0.01622641272842884,0
808,4,0,0.15850144624710083,0
809,5,0,0.15401175618171692,0
810,4,1,0.07685719430446625,0
811,5,0,0.14405128359794617,0
812,2,0,0.09908469021320343,0
813,3,0,0.025828134268522263,0
814,2,1,0.03382627293467522,0
815,4,0,0.10725276917219162,0
816,5,0,0.022597698494791985,0
817,5,0,0.0632803812623024,0
818,5,0,0.13967859745025635,0
819,2,0,0.010883924551308155,0
820,5,0,0.0656268373131752,0
821,2,0,0.03536917269229889,0
822,5,0,0.02972809039056301,0
823,3,0,0.03331911936402321,0
824,5,0,0.040071047842502594,0
825,5,0,0.01611952669918537,0
826,5,0,0.056394852697849274,0
827,4,0,0.019681667909026146,0
828,5,0,0.04091103747487068,0
829,5,0,0.010029858909547329,0
830,2,0,0.1709078997373581,0
831,3,0,0.15473459661006927,0
832,4,0,0.030925938859581947,0
833,5,0,0.19198095798492432,0
834,2,1,0.18170446157455444,0
835,4,0,0.010983902029693127,0
836,3,0,0.09903448820114136,0
837,4,1,0.025830022990703583,0
838,2,0,0.2895045876502991,0
839,3,0,0.20881599187850952,0
840,4,0,0.17400316894054413,0
841,4,0,0.08862234652042389,0
842,2,0,0.2708638608455658,0
843,3,0,0.017275184392929077,0
844,5,1,0.07279244810342789,0
845,3,0,0.02126453071832657,0
846,2,0,0.24410688877105713,0
847,3,0,0.04492076858878136,0
848,5,0,0.022534068673849106,0
849,2,0,0.1607295125722885,0
850,4,0,0.045273371040821075,0
851,5,0,0.42702412605285645,0
852,5,0,0.0691111832857132,0
853,5,0,0.11795476824045181,0
854,5,0,0.03556796908378601,0
855,5,0,0.06020744517445564,0
856,5,0,0.019553404301404953,0
857,2,0,0.07889358699321747,0
858,4,1,0.302686870098114,0
859,3,0,0.01143158134073019,0
860,5,0,0.015047144144773483,0
861,3,0,0.09567021578550339,0
862,4,0,0.016931556165218353,0
863,2,0,0.010697506368160248,0
864,3,0,0.01251582708209753,0
865,4,0,0.13609179854393005,0
866,4,0,0.13850876688957214,0
867,5,0,0.02917913720011711,0
868,2,0,0.06971506774425507,0
869,5,0,0.015036074444651604,0
870,3,0,0.02234521135687828,0
871,4,0,0.016646185889840126,0
872,5,0,0.01555120199918747,0
873,2,0,0.01317241508513689,0
874,3,0,0.02715419791638851,0
875,5,0,0.009012491442263126,0
876,5,0,0.10033295303583145,0
877,3,0,0.02228705957531929,0
878,5,0,0.029870280995965004,0
879,5,1,0.042730942368507385,0
880,4,0,0.04656052589416504,0
881,5,0,0.008526216261088848,0
882,5,0,0.13220374286174774,0
883,2,0,0.06538809090852737,0
884,4,0,0.509819507598877,0
885,4,0,0.2219477891921997,0
886,5,0,0.008212854154407978,0
887,5,0,0.029565375298261642,0
888,5,0,0.018674451857805252,0
889,2,0,0.008306287229061127,0
890,3,0,0.02369525469839573,0
891,3,0,0.013956110924482346,0
892,5,0,0.03830500319600105,0
893,4,0,0.09775801002979279,0
894,5,0,0.031743112951517105,0
895,5,0,0.03146976977586746,0
896,2,0,0.006774506997317076,0
897,3,0,0.04456780105829239,0
898,4,0,0.18252162635326385,0
899,5,0,0.015189028345048428,0
900,5,0,0.005653297062963247,0
901,2,0,0.005350932478904724,0
902,3,0,0.01081398967653513,0
903,4,0,0.021352382376790047,0
904,3,0,0.009271206334233284,0
905,2,0,0.007832683622837067,0
906,4,0,0.010064125061035156,0
907,5,0,0.018451044335961342,0
908,2,0,0.008939293213188648,0
909,4,0,0.026122024282813072,0
910,3,0,0.00589235033839941,0
911,5,0,0.016593093052506447,0
912,2,0,0.01471689622849226,0
913,4,0,0.03423205763101578,0
914,3,0,0.010610625147819519,0
915,5,0,0.027100734412670135,0
916,2,0,0.04707520082592964,0
917,5,0,0.02173941768705845,0
918,3,0,0.015449859201908112,0
919,3,0,0.14692023396492004,0
920,5,0,0.055540282279253006,0
921,5,1,0.3648527264595032,0
922,5,0,0.059157196432352066,0
923,5,0,0.024153249338269234,0
924,4,0,0.03338156268000603,0
925,2,0,0.0169025007635355,0
926,3,0,0.011705172248184681,0
927,4,0,0.02480492927134037,0
928,4,0,0.10261356085538864,0
929,5,0,0.07087764143943787,0
930,5,0,0.023701976984739304,0
931,2,0,0.01927618496119976,0
932,3,0,0.0206155963242054,0
933,4,0,0.04650145769119263,0
934,5,0,0.01987961307168007,0
935,2,0,0.007097587455064058,0
936,3,0,0.012923203408718109,0
937,3,0,0.014867874793708324,0
938,3,0,0.031184056773781776,0
939,4,0,0.013316654600203037,0
940,5,0,0.005259278230369091,0
941,2,0,0.011204583570361137,0
942,2,1,0.05571211129426956,0
943,3,0,0.3844642639160156,0
944,4,0,0.11178877204656601,0
945,5,0,0.02103452757000923,0
946,5,0,0.02483655884861946,0
947,2,0,0.020459838211536407,0
948,3,0,0.03385481610894203,0
949,4,0,0.016769718378782272,0
950,4,0,0.08744900673627853,0
951,5,0,0.06339693069458008,0
952,5,0,0.08326087146997452,0
953,3,0,0.012135440483689308,0
954,5,0,0.0072194840759038925,0
955,4,0,0.018140727654099464,0
956,5,0,0.07674349844455719,0
957,4,0,0.01776670478284359,0
958,5,0,0.08735241740942001,0
959,2,0,0.011657822877168655,0
960,4,0,0.0222027450799942,0
961,2,0,0.013631840236485004,0
962,2,0,0.007559380028396845,0
963,5,0,0.006447076331824064,0
964,3,0,0.010410264134407043,0
965,5,0,0.007294786628335714,0
966,2,0,0.04717414826154709,0
967,4,0,0.018308252096176147,0
968,4,0,0.04614027962088585,0
969,2,0,0.011915488168597221,0
970,3,0,0.013241549953818321,0
971,5,0,0.0561906099319458,0
972,3,0,0.009719627909362316,0
973,3,0,0.014813078567385674,0
974,5,0,0.08078578859567642,0
975,2,0,0.13668334484100342,0
976,5,0,0.010394001379609108,0
977,4,0,0.021667322143912315,0
978,4,0,0.008272704668343067,0
979,2,0,0.006674021948128939,0
980,3,0,0.00739402137696743,0
981,5,0,0.03852970898151398,0
982,3,0,0.023035723716020584,0
983,5,0,0.02275078371167183,0
984,5,0,0.031487394124269485,0
985,4,0,0.021508367732167244,0
986,5,0,0.02708256058394909,0
987,5,0,0.011089831590652466,0
988,2,0,0.01309259608387947,0
989,4,0,0.01637681946158409,0
990,5,0,0.08852234482765198,0
991,3,0,0.13163557648658752,0
992,2,0,0.0070149702951312065,0
993,5,0,0.021046210080385208,0
994,5,0,0.014071788638830185,0
995,4,0,0.13908594846725464,0
996,3,0,0.21516335010528564,0
997,4,0,0.01172583643347025,0
998,3,0,0.030960075557231903,0
999,2,0,0.12996843457221985,0
1000,5,0,0.06852079927921295,0
1001,5,0,0.038103628903627396,0
1002,4,0,0.011637615971267223,0
1003,5,0,0.011264803819358349,0
1004,2,0,0.02901872992515564,0
1005,3,0,0.010915395803749561,0
1006,3,0,0.008532019332051277,0
1007,2,0,0.023262133821845055,0
1008,3,0,0.40739530324935913,0
1009,4,0,0.00685641635209322,0
1010,5,0,0.0201361533254385,0
1011,5,0,0.00670164730399847,0
1012,4,0,0.6790036559104919,1
1013,4,0,0.08716998994350433,0
1014,2,0,0.04680564999580383,0
1015,5,0,0.011032034642994404,0
1016,5,0,0.02854078821837902,0
1017,2,0,0.006068421062082052,0
1018,4,0,0.04054024815559387,0
1019,5,0,0.15028849244117737,0
1020,3,0,0.025823568925261497,0
1021,5,0,0.011055038310587406,0
1022,3,0,0.04127638414502144,0
1023,3,0,0.03234010189771652,0
1024,4,0,0.14957405626773834,0
1025,5,0,0.016365760937333107,0
1026,5,0,0.02194419503211975,0
1027,5,0,0.008470100350677967,0
1028,2,0,0.09042415767908096,0
1029,3,1,0.762109637260437,1
1030,4,0,0.8819764852523804,1
1031,5,0,0.4497242271900177,0
1032,4,0,0.11322887986898422,0
1033,5,0,0.06417934596538544,0
1034,2,0,0.008190315216779709,0
1035,5,0,0.01649504341185093,0
1036,5,0,0.022196223959326744,0
1037,3,0,0.013090076856315136,0
1038,5,0,0.0429653525352478,0
1039,4,0,0.058846618980169296,0
1040,5,0,0.09748869389295578,0
1041,5,0,0.01926613785326481,0
1042,3,0,0.07441547513008118,0
1043,5,0,0.017854539677500725,0
1044,2,0,0.0054603079333901405,0
1045,5,0,0.057271018624305725,0
1046,3,0,0.26686304807662964,0
1047,4,1,0.15676264464855194,0
1048,5,0,0.1595747321844101,0
1049,2,0,0.708189845085144,1
1050,3,0,0.04350592941045761,0
1051,2,0,0.7940913438796997,1
1052,5,1,0.24310946464538574,0
1053,3,0,0.11969108134508133,0
1054,2,0,0.3185529112815857,0
1055,5,0,0.03169838339090347,0
1056,2,0,0.03781053051352501,0
1057,5,0,0.01668563485145569,0
1058,4,0,0.08678008615970612,0
1059,5,0,0.10857149213552475,0
1060,3,1,0.431449294090271,0
1061,2,1,0.9648816585540771,1
1062,4,0,0.38653433322906494,0
1063,2,0,0.0119799068197608,0
1064,4,1,0.9303653240203857,1
1065,5,0,0.6936466693878174,1
1066,5,0,0.30774644017219543,0
1067,2,0,0.7715229988098145,1
1068,4,0,0.5595815181732178,0
1069,3,0,0.0884115919470787,0
1070,4,0,0.13714823126792908,0
1071,5,1,0.1263536661863327,0
1072,3,1,0.33362624049186707,0
1073,5,0,0.01072835922241211,0
1074,4,0,0.04126788303256035,0
1075,4,0,0.01427273266017437,0
1076,5,0,0.04776334390044212,0
1077,3,0,0.12079965323209763,0
1078,5,0,0.18398995697498322,0
1079,5,0,0.11350242048501968,0
1080,5,0,0.13211773335933685,0
1081,4,0,0.2022571861743927,0
1082,5,0,0.01851503551006317,0
1083,5,0,0.3786494731903076,0
1084,5,0,0.32256320118904114,0
1085,3,0,0.03126166760921478,0
1086,5,0,0.2747182846069336,0
1087,2,1,0.10609659552574158,0
1088,3,0,0.024275323376059532,0
1089,4,0,0.018222380429506302,0
1090,5,0,0.06325608491897583,0
1091,2,1,0.46808159351348877,0
1092,4,0,0.37044504284858704,0
1093,3,0,0.45182809233665466,0
1094,3,1,0.1686786711215973,0
1095,5,0,0.8054019808769226,1
1096,4,0,0.47798407077789307,0
1097,5,0,0.03721576929092407,0
1098,5,1,0.9662055373191833,1
1099,2,1,0.8419133424758911,1
1100,3,1,0.6238977313041687,1
1101,3,1,0.8631446957588196,1
1102,5,0,0.050356894731521606,0
1103,4,0,0.26928284764289856,0
1104,5,0,0.07159219682216644,0
1105,5,0,0.04067671671509743,0
1106,5,0,0.017060182988643646,0
1107,5,1,0.875566303730011,1
1108,5,0,0.06748402118682861,0
1109,3,0,0.06807450950145721,0
1110,3,0,0.0810440331697464,0
1111,2,1,0.9540663361549377,1
1112,3,1,0.4735950827598572,0
1113,4,0,0.232961967587471,0
1114,5,0,0.03431312367320061,0
1115,5,0,0.3640209138393402,0
1116,5,0,0.018720226362347603,0
1117,2,0,0.3599576950073242,0
1118,5,0,0.08408448845148087,0
1119,5,1,0.5756607055664062,1
1120,4,1,0.7162867784500122,1
1121,5,1,0.2241072803735733,0
1122,5,1,0.7952326536178589,1
1123,5,0,0.8713777661323547,1
1124,4,0,0.8771110773086548,1
1125,3,1,0.96844482421875,1
1126,5,0,0.8425225615501404,1
1127,5,0,0.921118438243866,1
1128,5,0,0.01957915909588337,0
1129,2,0,0.014768066816031933,0
1130,3,0,0.016506759449839592,0
1131,3,0,0.01287365797907114,0
1132,3,0,0.012780798599123955,0
1133,4,0,0.21766430139541626,0
1134,4,1,0.7966814041137695,1
1135,5,0,0.0705704316496849,0
1136,5,1,0.13878275454044342,0
1137,3,1,0.7340352535247803,1
1138,5,0,0.11815986037254333,0
1139,5,0,0.7041575312614441,1
1140,2,0,0.4018940031528473,0
1141,5,0,0.08060986548662186,0
1142,5,0,0.05142983794212341,0
1143,4,0,0.10466538369655609,0
1144,2,0,0.1211928278207779,0
1145,2,0,0.026622191071510315,0
1146,4,0,0.04863647744059563,0
1147,5,0,0.4679744243621826,0
1148,3,1,0.9510247707366943,1
1149,4,1,0.9676308035850525,1
1150,5,1,0.9842433929443359,1
1151,2,1,0.8017460703849792,1
1152,2,1,0.12533687055110931,0
1153,2,0,0.1142248883843422,0
1154,4,0,0.06806396692991257,0
1155,4,0,0.08423272520303726,0
1156,5,0,0.3430958390235901,0
1157,5,0,0.03916564956307411,0
1158,4,0,0.09715667366981506,0
1159,4,0,0.102946437895298,0
1160,3,0,0.14322525262832642,0
1161,3,1,0.8974013328552246,1
1162,5,0,0.8770652413368225,1
1163,3,0,0.01324427966028452,0
1164,3,0,0.01497070025652647,0
1165,2,0,0.0170050747692585,0
1166,2,0,0.07338391244411469,0
1167,4,0,0.5522895455360413,0
1168,4,0,0.9308481216430664,1
1169,5,0,0.05115579441189766,0
1170,5,1,0.8642917275428772,1
1171,3,1,0.11666877567768097,0
1172,3,0,0.15721987187862396,0
1173,3,0,0.01994742825627327,0
1174,3,0,0.25134414434432983,0
1175,3,0,0.27714475989341736,0
1176,3,0,0.26718637347221375,0
1177,3,0,0.2669789493083954,0
1178,5,0,0.010585205629467964,0
1179,3,0,0.3139919638633728,0
1180,5,1,0.9623235464096069,1
1181,2,0,0.6720314025878906,1
1182,2,1,0.8918660283088684,1
1183,4,0,0.7133541107177734,1
1184,2,0,0.6958875060081482,1
1185,5,1,0.30596262216567993,0
1186,5,0,0.12938526272773743,0
1187,3,0,0.1028040274977684,0
1188,4,0,0.0746857225894928,0
1189,2,0,0.17211905121803284,0
1190,5,0,0.14230813086032867,0
1191,2,0,0.08099502325057983,0
1192,3,0,0.41556620597839355,0
1193,4,0,0.1694682389497757,0
1194,3,0,0.07796471565961838,0
1195,5,0,0.04351063445210457,0
1196,3,0,0.08817238360643387,0
1197,4,0,0.1447044163942337,0
1198,5,0,0.10964701324701309,0
1199,2,0,0.5438903570175171,0
1200,3,0,0.14371730387210846,0
1201,3,0,0.2072971612215042,0
1202,3,1,0.03102405183017254,0
1203,5,0,0.2122538834810257,0
1204,5,0,0.06817326694726944,0
1205,5,0,0.04801318049430847,0
1206,3,0,0.174207404255867,0
1207,5,1,0.9275507926940918,1
1208,4,0,0.032377343624830246,0
1209,5,0,0.1654994636774063,0
1210,2,0,0.41070556640625,0
1211,3,0,0.14634127914905548,0
1212,5,0,0.14193545281887054,0
1213,2,0,0.07264549285173416,0
1214,4,0,0.033561013638973236,0
1215,3,0,0.1535554677248001,0
1216,4,0,0.03862505033612251,0
1217,5,0,0.21436582505702972,0
1218,5,0,0.009136306121945381,0
1219,5,0,0.5776963829994202,1
1220,2,0,0.026169268414378166,0
1221,2,0,0.33406075835227966,0
1222,3,0,0.17369017004966736,0
1223,4,0,0.2736996114253998,0
1224,5,0,0.05050940066576004,0
1225,2,0,0.11217811703681946,0
1226,5,0,0.2781110405921936,0
1227,4,1,0.4649066925048828,0
1228,5,0,0.08973284810781479,0
1229,5,0,0.07413402199745178,0
1230,2,0,0.47906628251075745,0
1231,4,0,0.029552409425377846,0
1232,3,0,0.015866389498114586,0
1233,2,0,0.12984247505664825,0
1234,3,0,0.244506374001503,0
1235,5,0,0.07051535695791245,0
1236,3,1,0.7503686547279358,1
1237,2,1,0.4062555432319641,0
1238,5,0,0.08200875669717789,0
1239,4,0,0.030522454530000687,0
1240,3,0,0.09644068032503128,0
1241,4,0,0.4100581109523773,0
1242,5,0,0.027169931679964066,0
1243,3,0,0.301712304353714,0
1244,3,0,0.06864891201257706,0
1245,5,0,0.10572319477796555,0
1246,5,0,0.8171235918998718,1
1247,5,0,0.031177841126918793,0
1248,5,0,0.1216144934296608,0
1249,2,0,0.019975053146481514,0
1250,3,0,0.4850843846797943,0
1251,5,0,0.07245100289583206,0
1252,4,0,0.23610229790210724,0
1253,4,0,0.22489823400974274,0
1254,5,0,0.19155055284500122,0
1255,3,0,0.017760057002305984,0
1256,5,0,0.011528768576681614,0
1257,2,0,0.026522371917963028,0
1258,3,0,0.010623503476381302,0
1259,4,0,0.08025931566953659,0
1260,4,0,0.7631180286407471,1
1261,5,0,0.5300024151802063,0
1262,2,0,0.060955826193094254,0
1263,2,0,0.3437357246875763,0
1264,3,1,0.5411161184310913,0
1265,5,0,0.07351306825876236,0
1266,4,0,0.0480964332818985,0
1267,3,1,0.6426894068717957,1
1268,4,0,0.3352496922016144,0
1269,5,0,0.2795657813549042,0
1270,5,0,0.22064979374408722,0
1271,4,0,0.07407265901565552,0
1272,2,0,0.02647707425057888,0
1273,4,1,0.818618893623352,1
1274,5,0,0.10781499743461609,0
1275,5,1,0.3295193016529083,0
1276,5,1,0.8691509962081909,1
1277,3,0,0.551938533782959,0
1278,5,0,0.6689717173576355,1
1279,5,1,0.5617384910583496,1
1280,3,1,0.5032305121421814,0
1281,5,1,0.6799426674842834,1
1282,2,1,0.8351985216140747,1
1283,3,1,0.903330385684967,1
1284,4,1,0.8958123326301575,1
1285,5,1,0.7036163806915283,1
1286,5,1,0.7640632390975952,1
1287,5,1,0.9003695249557495,1
1288,5,1,0.7187667489051819,1
1289,2,1,0.829535186290741,1
1290,5,1,0.957696795463562,1
1291,5,1,0.9179342985153198,1
1292,5,1,0.5991448760032654,1
1293,5,0,0.7339447736740112,1
1294,2,1,0.438960462808609,0
1295,5,1,0.4323939085006714,0
1296,2,1,0.9626135230064392,1
1297,5,1,0.9042981863021851,1
1298,5,1,0.8918057084083557,1
1299,5,1,0.9274563193321228,1
1300,5,1,0.9456572532653809,1
1301,5,1,0.9429579973220825,1
1302,4,1,0.8233097791671753,1
1303,5,1,0.5023383498191833,0
1304,3,1,0.9566475749015808,1
1305,5,1,0.8080052733421326,1
1306,5,1,0.9212004542350769,1
1307,5,1,0.8844344615936279,1
1308,3,1,0.9632410407066345,1
1309,3,1,0.35048139095306396,0
1310,2,1,0.4879697561264038,0
1311,4,1,0.8328074812889099,1
1312,2,1,0.9765241146087646,1
1313,4,1,0.9548951983451843,1
1314,3,1,0.8386405110359192,1
1315,3,0,0.7485929727554321,1
1316,3,1,0.8994473814964294,1
1317,5,1,0.9593625664710999,1
1318,5,1,0.9763519763946533,1
1319,4,1,0.9636809825897217,1
1320,5,1,0.9591751098632812,1
1321,4,0,0.12779806554317474,0
1322,2,0,0.9059884548187256,1
1323,5,1,0.17331014573574066,0
1324,5,0,0.13831265270709991,0
1325,3,1,0.34690359234809875,0
1326,5,0,0.38625282049179077,0
1327,3,0,0.007039865478873253,0
1328,2,0,0.009674734435975552,0
1329,2,0,0.6577325463294983,1
1330,5,0,0.08893389254808426,0
1331,4,0,0.0678769201040268,0
1332,5,1,0.9745074510574341,1
1333,2,1,0.9735144972801208,1
1334,5,1,0.7665563225746155,1
1335,3,0,0.7041683793067932,1
1336,3,0,0.1367558240890503,0
1337,4,1,0.9389748573303223,1
1338,2,1,0.943020761013031,1
1339,5,1,0.9750097990036011,1
1340,2,0,0.45146510004997253,0
1341,5,1,0.7154946327209473,1
1342,2,1,0.7523016333580017,1
1343,3,0,0.5831426382064819,1
1344,5,0,0.4449140131473541,0
1345,5,1,0.7713601589202881,1
1346,3,1,0.8474578261375427,1
1347,4,0,0.6413489580154419,1
1348,3,0,0.7843854427337646,1
1349,4,0,0.7671817541122437,1
1350,3,1,0.5113217234611511,0
1351,3,1,0.9525954723358154,1
1352,5,1,0.9542863965034485,1
1353,2,1,0.731689989566803,1
1354,5,1,0.908388614654541,1
1355,5,1,0.8422531485557556,1
1356,5,0,0.23989757895469666,0
1357,5,0,0.2689064145088196,0
1358,5,0,0.2263254076242447,0
1359,5,0,0.6310234665870667,1
1360,3,0,0.2858080267906189,0
1361,2,1,0.08566742390394211,0
1362,5,1,0.6492063403129578,1
1363,5,0,0.2410908043384552,0
1364,4,0,0.07422579824924469,0
1365,2,0,0.6134489178657532,1
1366,3,1,0.30993035435676575,0
1367,5,0,0.6485306620597839,1
1368,2,1,0.11160358786582947,0
1369,3,0,0.433401882648468,0
1370,4,0,0.20336619019508362,0
1371,4,1,0.7467641830444336,1
1372,5,1,0.7939081192016602,1
1373,4,1,0.9403336048126221,1
1374,5,1,0.4152642488479614,0
1375,3,0,0.19280847907066345,0
1376,4,0,0.4509238600730896,0
1377,5,1,0.4224478602409363,0
1378,5,1,0.8385259509086609,1
1379,2,0,0.8162361979484558,1
1380,3,0,0.512231171131134,0
1381,5,0,0.5172197818756104,0
1382,4,1,0.8294515609741211,1
1383,5,1,0.9198233485221863,1
1384,2,1,0.6404383778572083,1
1385,3,0,0.8454421162605286,1
1386,4,1,0.7865702509880066,1
1387,5,1,0.8684751987457275,1
1388,2,1,0.5950413942337036,1
1389,5,1,0.546838641166687,0
1390,4,1,0.4742969870567322,0
1391,4,0,0.037179622799158096,0
1392,2,0,0.09137853980064392,0
1393,5,0,0.22443148493766785,0
1394,5,0,0.2875559329986572,0
1395,3,0,0.10687518119812012,0
1396,5,0,0.1628146469593048,0
1397,5,0,0.06170424446463585,0
1398,5,0,0.1272171586751938,0
1399,4,0,0.675682008266449,1
1400,5,0,0.5149120092391968,0
1401,4,0,0.18829400837421417,0
1402,3,0,0.14443634450435638,0
1403,2,0,0.16339966654777527,0
1404,5,1,0.4702799916267395,0
1405,4,0,0.05000285804271698,0
1406,2,0,0.027836931869387627,0
1407,5,0,0.1156790629029274,0
1408,5,1,0.14974984526634216,0
1409,5,1,0.6681659817695618,1
1410,4,1,0.8865801692008972,1
1411,4,1,0.9386652112007141,1
1412,3,1,0.9720203876495361,1
1413,5,1,0.9081119894981384,1
1414,3,1,0.34365203976631165,0
1415,2,0,0.8901771903038025,1
1416,3,1,0.9160715937614441,1
1417,4,0,0.619442343711853,1
1418,5,1,0.8135026097297668,1
1419,2,1,0.6324335932731628,1
1420,5,0,0.028790052980184555,0
1421,4,1,0.7697262763977051,1
1422,2,1,0.3020298480987549,0
1423,3,0,0.9413394331932068,1
1424,5,1,0.6110562086105347,1
1425,5,0,0.4510755240917206,0
1426,5,1,0.6500985622406006,1
1427,5,0,0.04644514620304108,0
1428,4,1,0.7811975479125977,1
1429,5,0,0.012356678023934364,0
1430,5,0,0.3261817991733551,0
1431,3,1,0.5576412081718445,0
1432,3,0,0.020006658509373665,0
1433,3,0,0.0586690716445446,0
1434,3,0,0.039483487606048584,0
1435,5,0,0.12838278710842133,0
1436,4,0,0.2943519055843353,0
1437,5,0,0.019419467076659203,0
1438,3,0,0.4965595006942749,0
1439,4,0,0.3433966636657715,0
1440,3,1,0.7613502144813538,1
1441,3,0,0.2529749572277069,0
1442,2,0,0.09973426163196564,0
1443,3,0,0.07861814647912979,0
1444,3,1,0.7117977738380432,1
1445,5,0,0.1631532907485962,0
1446,4,0,0.08649595081806183,0
1447,5,0,0.6812824606895447,1
1448,2,0,0.9023857116699219,1
1449,3,0,0.07220638543367386,0
1450,5,0,0.012560518458485603,0
1451,2,1,0.8798971772193909,1
1452,4,1,0.7635544538497925,1
1453,2,0,0.10835877060890198,0
1454,2,0,0.40558454394340515,0
1455,5,0,0.07643364369869232,0
1456,5,0,0.05800960958003998,0
1457,5,1,0.06966110318899155,0
1458,5,0,0.06193747743964195,0
1459,5,0,0.10804153978824615,0
1460,5,1,0.12439195066690445,0
1461,5,1,0.09126777946949005,0
1462,5,0,0.11533106863498688,0
1463,5,0,0.12549853324890137,0
1464,5,1,0.1630469113588333,0
1465,5,1,0.12772881984710693,0
1466,5,1,0.1534215658903122,0
1467,5,1,0.05587339028716087,0
1468,4,0,0.6185206174850464,1
1469,4,0,0.5869149565696716,1
1470,2,0,0.6023043990135193,1
1471,2,0,0.551838219165802,0
1472,5,1,0.12509477138519287,0
1473,5,0,0.37325751781463623,0
1474,5,0,0.8381237387657166,1
1475,2,1,0.6834902167320251,1
1476,2,0,0.31711116433143616,0
1477,3,1,0.15674728155136108,0
1478,4,1,0.738784670829773,1
1479,5,0,0.5710887908935547,1
1480,5,1,0.44615793228149414,0
1481,3,1,0.5014804601669312,0
1482,5,0,0.1827225685119629,0
1483,4,0,0.19428277015686035,0
1484,5,1,0.03549744188785553,0
1485,2,0,0.6593835353851318,1
1486,5,0,0.5171223282814026,0
1487,3,1,0.8846060633659363,1
1488,4,0,0.016725463792681694,0
1489,4,0,0.017241865396499634,0
1490,2,0,0.2323925793170929,0
1491,5,0,0.5972470045089722,1
1492,3,0,0.1111929640173912,0
1493,5,0,0.12750253081321716,0
1494,2,0,0.45006003975868225,0
1495,5,0,0.09778495877981186,0
1496,2,0,0.07770439982414246,0
1497,2,0,0.37539517879486084,0
1498,5,0,0.10054796189069748,0
1499,4,0,0.06581664085388184,0
1500,2,1,0.05492227524518967,0
1501,5,0,0.07121586054563522,0
1502,5,0,0.1084955632686615,0
1503,3,0,0.201993927359581,0
1504,5,1,0.3134806454181671,0
1505,3,1,0.8471695780754089,1
1506,5,0,0.04945990443229675,0
1507,3,0,0.38509756326675415,0
1508,5,0,0.03286725655198097,0
1509,5,0,0.035886578261852264,0
1510,5,0,0.031594764441251755,0
1511,3,0,0.11003659665584564,0
1512,5,0,0.04687103256583214,0
1513,3,0,0.01797446422278881,0
1514,5,0,0.06746581196784973,0
1515,4,0,0.011800318956375122,0
1516,4,0,0.0501081645488739,0
1517,5,0,0.05226293206214905,0
1518,5,0,0.1944933533668518,0
1519,5,0,0.23447568714618683,0
1520,5,0,0.061036452651023865,0
1521,5,0,0.05007622018456459,0
1522,5,0,0.014272566884756088,0
1523,3,0,0.030648717656731606,0
1524,4,0,0.008695537224411964,0
1525,4,0,0.40418732166290283,0
1526,2,0,0.05913528427481651,0
1527,4,0,0.09793689101934433,0
1528,5,0,0.24937370419502258,0
1529,3,0,0.1474904716014862,0
1530,5,0,0.09298659861087799,0
1531,2,0,0.17409062385559082,0
1532,5,0,0.06788657605648041,0
1533,3,0,0.10860484838485718,0
1534,5,0,0.11168590933084488,0
1535,3,0,0.023669684305787086,0
1536,4,1,0.5156543254852295,0
1537,5,0,0.21018394827842712,0
1538,5,0,0.9479904174804688,1
1539,3,1,0.5247126817703247,0
1540,2,0,0.13430146872997284,0
1541,5,0,0.11307457089424133,0
1542,4,0,0.4727560579776764,0
1543,4,0,0.027955304831266403,0
1544,5,0,0.09733841568231583,0
1545,5,0,0.17450951039791107,0
1546,2,0,0.5794310569763184,1
1547,2,0,0.20627076923847198,0
1548,4,0,0.4283965826034546,0
1549,5,0,0.3033636808395386,0
1550,5,0,0.08693811297416687,0
1551,3,0,0.2033887505531311,0
1552,2,0,0.4201781451702118,0
1553,3,0,0.052469637244939804,0
1554,2,0,0.11871498823165894,0
1555,2,0,0.03310566395521164,0
1556,4,0,0.3720262348651886,0
1557,4,1,0.35178881883621216,0
1558,5,1,0.28189074993133545,0
1559,5,0,0.16500282287597656,0
1560,5,0,0.4457027018070221,0
1561,5,0,0.13832460343837738,0
1562,5,0,0.10383465141057968,0
1563,5,0,0.30157849192619324,0
1564,4,1,0.1478388011455536,0
1565,5,0,0.21917949616909027,0
1566,5,1,0.5638307332992554,1
1567,5,0,0.4453924000263214,0
1568,3,0,0.01772591844201088,0
1569,5,0,0.02362196147441864,0
1570,3,0,0.07937916368246078,0
1571,5,0,0.021225929260253906,0
1572,2,0,0.07179326564073563,0
1573,5,0,0.007948527112603188,0
1574,3,0,0.014908780343830585,0
1575,2,0,0.011789647862315178,0
1576,3,0,0.015992073342204094,0
1577,3,0,0.010992000810801983,0
1578,3,0,0.012891109101474285,0
1579,5,0,0.009461456909775734,0
1580,5,0,0.01874435693025589,0
1581,4,0,0.3035097122192383,0
1582,3,1,0.22613860666751862,0
1583,5,0,0.01064309198409319,0
1584,3,0,0.015276092104613781,0
1585,5,0,0.28692471981048584,0
1586,3,0,0.07989665120840073,0
1587,5,1,0.14578929543495178,0
1588,5,0,0.05285697430372238,0
1589,5,0,0.3418935239315033,0
1590,3,0,0.23331306874752045,0
1591,2,0,0.08825758844614029,0
1592,3,0,0.02310360036790371,0
1593,4,0,0.013413152657449245,0
1594,5,0,0.08045566082000732,0
1595,5,0,0.10091978311538696,0
1596,4,0,0.10292056947946548,0
1597,5,0,0.15973015129566193,0
1598,5,0,0.1657453328371048,0
1599,5,0,0.018198426812887192,0
1600,5,0,0.05986814945936203,0
1601,5,0,0.17048633098602295,0
1602,4,0,0.06797448545694351,0
1603,5,0,0.15808026492595673,0
1604,5,0,0.0719868466258049,0
1605,5,0,0.6125220060348511,1
1606,5,0,0.040604498237371445,0
1607,3,0,0.043702948838472366,0
1608,5,0,0.25241774320602417,0
1609,5,0,0.2097860723733902,0
1610,5,0,0.05293266475200653,0
1611,5,0,0.31881189346313477,0
1612,5,0,0.4259684681892395,0
1613,3,0,0.4077136516571045,0
1614,5,0,0.11345025151968002,0
1615,2,0,0.31866148114204407,0
1616,2,0,0.03705389052629471,0
1617,4,0,0.2586232125759125,0
1618,5,0,0.0294621754437685,0
1619,3,0,0.44672152400016785,0
1620,5,1,0.2732263505458832,0
1621,5,0,0.3594488203525543,0
1622,5,0,0.6075040698051453,1
1623,5,0,0.16673222184181213,0
1624,4,0,0.1448647677898407,0
1625,4,1,0.7915604710578918,1
1626,3,0,0.29138511419296265,0
1627,3,0,0.012173427268862724,0
1628,3,0,0.008937925100326538,0
1629,3,0,0.01893482729792595,0
1630,3,0,0.011325499974191189,0
1631,5,0,0.011884599924087524,0
1632,3,0,0.020562054589390755,0
1633,3,0,0.2820371687412262,0
1634,2,1,0.8190089464187622,1
1635,5,0,0.07341409474611282,0
1636,3,0,0.09710513055324554,0
1637,5,0,0.46526414155960083,0
1638,3,0,0.30625805258750916,0
1639,2,0,0.23743994534015656,0
1640,3,0,0.026469344273209572,0
1641,5,1,0.3487580716609955,0
1642,5,0,0.13264383375644684,0
1643,4,0,0.7676981091499329,1
1644,3,1,0.1345663070678711,0
1645,5,0,0.2547382116317749,0
1646,5,1,0.8252237439155579,1
1647,4,0,0.4061692953109741,0
1648,2,0,0.3266570568084717,0
1649,3,0,0.010749183595180511,0
1650,5,0,0.10321339964866638,0
1651,3,0,0.23619350790977478,0
1652,4,0,0.1828439086675644,0
1653,5,0,0.11224614828824997,0
1654,2,0,0.08502816408872604,0
1655,3,0,0.10786964744329453,0
1656,5,0,0.12912164628505707,0
1657,5,0,0.03725799173116684,0
1658,5,0,0.40476465225219727,0
1659,5,0,0.37674680352211,0
1660,5,0,0.5484201312065125,0
1661,5,0,0.3540784418582916,0
1662,3,0,0.15300092101097107,0
1663,3,0,0.05602128803730011,0
1664,4,0,0.04107871651649475,0
1665,4,0,0.24105653166770935,0
1666,2,0,0.9097030162811279,1
1667,5,0,0.8072710633277893,1
1668,5,1,0.8913583159446716,1
1669,5,1,0.5027427077293396,0
1670,3,1,0.7461734414100647,1
1671,5,1,0.9215306639671326,1
1672,4,1,0.9178540706634521,1
1673,2,0,0.8821895122528076,1
1674,4,1,0.7924847602844238,1
1675,5,0,0.8958929777145386,1
1676,5,0,0.9018292427062988,1
1677,5,1,0.9026586413383484,1
1678,5,0,0.8931393027305603,1
1679,5,1,0.8322346210479736,1
1680,5,1,0.8300402164459229,1
1681,5,1,0.8902504444122314,1
1682,5,1,0.821914792060852,1
1683,5,1,0.9283263087272644,1
1684,5,1,0.9022535085678101,1
1685,2,1,0.4124149680137634,0
1686,2,1,0.7393355965614319,1
1687,5,0,0.7652009725570679,1
1688,3,1,0.5334271192550659,0
1689,5,1,0.9402360916137695,1
1690,3,0,0.3131437599658966,0
1691,3,1,0.6906106472015381,1
1692,5,1,0.9660159349441528,1
1693,5,1,0.9596648216247559,1
1694,5,1,0.7155050039291382,1
1695,2,1,0.8737497925758362,1
1696,4,0,0.813684344291687,1
1697,5,0,0.46093830466270447,0
1698,5,1,0.7349522709846497,1
1699,4,0,0.11538246273994446,0
1700,3,1,0.024625470861792564,0
1701,3,1,0.3269982933998108,0
1702,3,0,0.04397370293736458,0
1703,5,0,0.051465243101119995,0
1704,2,0,0.06891947984695435,0
1705,4,0,0.2878287136554718,0
1706,2,0,0.25842776894569397,0
1707,5,0,0.29440200328826904,0
1708,2,0,0.22107677161693573,0
1709,4,0,0.8555988073348999,1
1710,3,0,0.12457104027271271,0
1711,5,0,0.6053006052970886,1
1712,5,0,0.10770844668149948,0
1713,5,1,0.48620885610580444,0
1714,3,0,0.29741671681404114,0
1715,3,0,0.27335458993911743,0
1716,4,0,0.07326002418994904,0
1717,5,1,0.9154641032218933,1
1718,2,0,0.6866799592971802,1
1719,5,1,0.6105176210403442,1
1720,2,0,0.3990778625011444,0
1721,3,1,0.1031249389052391,0
1722,3,0,0.14915455877780914,0
1723,4,0,0.18672315776348114,0
1724,5,0,0.19911730289459229,0
1725,3,0,0.13869935274124146,0
1726,2,0,0.12065792083740234,0
1727,3,0,0.09886403381824493,0
1728,4,0,0.05275093764066696,0
1729,5,0,0.5301623344421387,0
1730,3,1,0.3886125683784485,0
1731,3,0,0.0816466435790062,0
1732,4,0,0.03703818842768669,0
1733,5,0,0.3399293124675751,0
1734,5,0,0.6741222143173218,1
1735,5,0,0.7015863060951233,1
1736,5,0,0.2159019112586975,0
1737,5,1,0.38706016540527344,0
1738,2,0,0.09574189782142639,0
1739,4,0,0.03689395636320114,0
1740,5,0,0.1333441287279129,0
1741,5,0,0.8853424191474915,1
1742,5,0,0.7082380652427673,1
1743,5,1,0.900091290473938,1
1744,5,1,0.9021731615066528,1
1745,3,0,0.06045341491699219,0
1746,5,0,0.209347665309906,0
1747,2,0,0.09302780777215958,0
1748,4,1,0.7460421323776245,1
1749,5,0,0.8959961533546448,1
1750,3,0,0.8671332597732544,1
1751,3,1,0.8786203265190125,1
1752,4,1,0.24132953584194183,0
1753,5,0,0.11449546366930008,0
1754,5,0,0.15927574038505554,0
1755,2,0,0.1470099687576294,0
1756,2,0,0.38733911514282227,0
1757,3,0,0.21008804440498352,0
1758,5,0,0.03171661123633385,0
1759,2,1,0.02452268823981285,0
1760,4,0,0.21706533432006836,0
1761,2,0,0.14775748550891876,0
1762,5,0,0.01361849159002304,0
1763,5,0,0.40225306153297424,0
1764,5,0,0.1964632123708725,0
1765,5,0,0.26877111196517944,0
1766,5,0,0.407139390707016,0
1767,5,0,0.5254126191139221,0
1768,2,0,0.8567138314247131,1
1769,5,0,0.010516112670302391,0
1770,3,0,0.07945670187473297,0
1771,4,0,0.03134024143218994,0
1772,4,0,0.02338332310318947,0
1773,2,0,0.016908729448914528,0
1774,5,0,0.016852859407663345,0
1775,5,0,0.07121177762746811,0
1776,2,0,0.09989014267921448,0
1777,2,0,0.024891862645745277,0
1778,4,0,0.03510802984237671,0
1779,3,0,0.06981528550386429,0
1780,5,0,0.07544255256652832,0
1781,2,0,0.11230029910802841,0
1782,4,0,0.146519273519516,0
1783,3,0,0.06293144077062607,0
1784,5,0,0.22504441440105438,0
1785,5,0,0.48287805914878845,0
1786,5,0,0.2017347812652588,0
1787,5,0,0.07606631517410278,0
1788,5,0,0.06023760512471199,0
1789,3,0,0.013470619916915894,0
1790,3,0,0.01334840152412653,0
1791,5,0,0.008284641429781914,0
1792,5,0,0.029552320018410683,0
1793,5,0,0.08008402585983276,0
1794,5,0,0.05431399494409561,0
1795,3,0,0.31649652123451233,0
1796,2,0,0.007374504581093788,0
1797,2,0,0.1405121088027954,0
1798,5,0,0.019684867933392525,0
1799,5,1,0.637067973613739,1
1800,5,0,0.7724465131759644,1
1801,5,0,0.7249824404716492,1
1802,5,1,0.5930558443069458,1
1803,5,0,0.15388911962509155,0
1804,5,0,0.05734657123684883,0
1805,5,0,0.03131214156746864,0
1806,5,0,0.11561095714569092,0
1807,5,0,0.05803122743964195,0
1808,5,0,0.044014688581228256,0
1809,5,0,0.010213738307356834,0
1810,5,0,0.008289853110909462,0
1811,4,0,0.016530929133296013,0
1812,5,1,0.7568883299827576,1
1813,5,1,0.6403257250785828,1
1814,5,1,0.3179968297481537,0
1815,3,0,0.06880992650985718,0
1816,4,0,0.49539074301719666,0
1817,4,1,0.6358039379119873,1
1818,5,1,0.7935130596160889,1
1819,5,0,0.3410193622112274,0
1820,5,0,0.17731973528862,0
1821,5,1,0.7233718633651733,1
1822,5,0,0.634848415851593,1
1823,3,0,0.008456743322312832,0
1824,5,0,0.07509682327508926,0
1825,2,0,0.017389828339219093,0
1826,5,1,0.7776619791984558,1
1827,5,0,0.26903626322746277,0
1828,3,0,0.02715805545449257,0
1829,5,0,0.008828979916870594,0
1830,2,1,0.9463849067687988,1
1831,4,0,0.0636058896780014,0
1832,3,1,0.9480856657028198,1
1833,5,1,0.9484888315200806,1
1834,2,0,0.08473578840494156,0
1835,4,1,0.8875194191932678,1
1836,3,0,0.08943619579076767,0
1837,5,1,0.93868488073349,1
1838,2,1,0.9050194621086121,1
1839,2,1,0.8498185873031616,1
1840,4,0,0.27649110555648804,0
1841,4,0,0.0704200491309166,0
1842,5,0,0.47002437710762024,0
1843,5,0,0.11309576779603958,0
1844,3,0,0.2740730941295624,0
1845,5,1,0.8670199513435364,1
1846,2,0,0.04855465516448021,0
1847,4,0,0.06827470660209656,0
1848,4,1,0.8911562561988831,1
1849,5,0,0.4974389672279358,0
1850,5,0,0.4311974346637726,0
1851,5,0,0.10063076764345169,0
1852,2,0,0.1600903570652008,0
1853,5,0,0.16874775290489197,0
1854,5,1,0.11100843548774719,0
1855,5,0,0.2156648337841034,0
1856,5,0,0.4161948263645172,0
1857,5,1,0.40168699622154236,0
1858,5,0,0.069590263068676,0
1859,5,1,0.2848525047302246,0
1860,3,0,0.29516056180000305,0
1861,3,0,0.32389360666275024,0
1862,3,0,0.18229202926158905,0
1863,3,0,0.0869530662894249,0
1864,5,0,0.3815527558326721,0
1865,5,1,0.6151158213615417,1
1866,5,0,0.08838540315628052,0
1867,4,0,0.04560627043247223,0
1868,2,0,0.07516001164913177,0
1869,5,0,0.11127977818250656,0
1870,3,0,0.03479680418968201,0
1871,2,1,0.08061496168375015,0
1872,3,0,0.06657834351062775,0
1873,5,0,0.03206111490726471,0
1874,3,0,0.04988143965601921,0
1875,4,0,0.043469324707984924,0
1876,5,0,0.13416963815689087,0
1877,4,0,0.021997502073645592,0
1878,5,0,0.1283155083656311,0
1879,3,0,0.029665987938642502,0
1880,4,0,0.12261921167373657,0
1881,3,0,0.0427895151078701,0
1882,2,0,0.03468581661581993,0
1883,5,1,0.5626465678215027,1
1884,5,0,0.44434547424316406,0
1885,5,0,0.7100552916526794,1
1886,2,1,0.9038692712783813,1
1887,5,0,0.024530429393053055,0
1888,3,0,0.05480640009045601,0
1889,5,0,0.3231198489665985,0
1890,4,0,0.08841368556022644,0
1891,3,0,0.311833918094635,0
1892,3,0,0.12198054790496826,0
1893,4,1,0.009827795438468456,0
1894,3,0,0.10360924154520035,0
1895,2,0,0.04672634229063988,0
1896,3,0,0.05619824677705765,0
1897,4,0,0.18557950854301453,0
1898,4,0,0.025082213804125786,0
1899,2,0,0.017267543822526932,0
1900,4,0,0.018553774803876877,0
1901,5,1,0.7471765875816345,1
1902,2,0,0.19911926984786987,0
1903,2,0,0.041307009756565094,0
1904,3,0,0.019653726369142532,0
1905,5,0,0.0056747086346149445,0
1906,5,0,0.04327074810862541,0
1907,2,0,0.7192055583000183,1
1908,5,0,0.02088814601302147,0
1909,5,0,0.23459120094776154,0
1910,4,0,0.08234983682632446,0
1911,5,0,0.020187484100461006,0
1912,3,0,0.0313287153840065,0
1913,5,0,0.0787627324461937,0
1914,2,0,0.7159610390663147,1
1915,3,0,0.0775669738650322,0
1916,3,0,0.09656008332967758,0
1917,2,0,0.07060955464839935,0
1918,5,0,0.12804898619651794,0
1919,3,0,0.02948146127164364,0
1920,4,0,0.3359905779361725,0
1921,5,1,0.017913779243826866,0
1922,5,0,0.05611187219619751,0
1923,5,0,0.009644039906561375,0
1924,5,0,0.009027298539876938,0
1925,5,0,0.024254832416772842,0
1926,5,0,0.03742160275578499,0
1927,2,0,0.056392330676317215,0
1928,5,0,0.13158799707889557,0
1929,3,0,0.1140666976571083,0
1930,2,0,0.04627391695976257,0
1931,5,0,0.0351131446659565,0
1932,5,0,0.45145800709724426,0
1933,2,0,0.04984022304415703,0
1934,3,0,0.008935779333114624,0
1935,5,0,0.03499923273921013,0
1936,5,0,0.14281566441059113,0
1937,3,0,0.19399909675121307,0
1938,5,0,0.37633877992630005,0
1939,4,1,0.7228617072105408,1
1940,2,0,0.042694613337516785,0
1941,4,0,0.04361054301261902,0
1942,5,0,0.018135564401745796,0
1943,2,0,0.0055897473357617855,0
1944,3,0,0.025953317061066628,0
1945,2,0,0.020683975890278816,0
1946,4,0,0.012660443782806396,0
1947,3,0,0.01192482840269804,0
1948,5,0,0.0565112940967083,0
1949,2,1,0.623645007610321,1
1950,3,0,0.007484674919396639,0
1951,5,0,0.009920351207256317,0
1952,4,0,0.020340746268630028,0
1953,3,0,0.016847196966409683,0
1954,3,0,0.031114989891648293,0
1955,5,0,0.012492146342992783,0
1956,4,0,0.03974161669611931,0
1957,2,0,0.033332567662000656,0
1958,5,1,0.2803035080432892,0
1959,5,0,0.27389323711395264,0
1960,4,0,0.5604844093322754,1
1961,2,0,0.18674388527870178,0
1962,3,1,0.10237223654985428,0
1963,2,0,0.33995071053504944,0
1964,4,0,0.03199100121855736,0
1965,4,0,0.10800454020500183,0
1966,4,0,0.03437330201268196,0
1967,2,0,0.013906360603868961,0
1968,3,0,0.014363408088684082,0
1969,5,0,0.03371354192495346,0
1970,2,0,0.014248260296881199,0
1971,5,0,0.2885431945323944,0
1972,5,0,0.5538404583930969,0
1973,5,1,0.09749314188957214,0
1974,5,0,0.6860758066177368,1
1975,4,0,0.008671065792441368,0
1976,3,0,0.019640298560261726,0
1977,3,0,0.06721160560846329,0
1978,2,0,0.294815331697464,0
1979,4,0,0.04683348163962364,0
1980,5,0,0.01799335703253746,0
1981,4,0,0.005973284598439932,0
1982,5,0,0.30455338954925537,0
1983,5,0,0.016990669071674347,0
1984,5,0,0.019309358671307564,0
1985,5,0,0.0494328998029232,0
1986,5,0,0.05245998874306679,0
1987,3,0,0.861413836479187,1
1988,5,0,0.03787154704332352,0
1989,3,0,0.13463635742664337,0
1990,4,0,0.018796181306242943,0
1991,4,0,0.018013572320342064,0
1992,4,0,0.06041976064443588,0
1993,4,0,0.013729969039559364,0
1994,3,0,0.03406995162367821,0
1995,4,0,0.020446987822651863,0
1996,2,0,0.06405936926603317,0
1997,3,0,0.3674299716949463,0
1998,5,0,0.25336095690727234,0
1999,2,0,0.041501160711050034,0
2000,3,0,0.15455153584480286,0
2001,4,0,0.42330899834632874,0
2002,5,0,0.2270229011774063,0
2003,2,0,0.03867942839860916,0
2004,4,0,0.027978193014860153,0
2005,4,0,0.5203844308853149,0
2006,5,0,0.7188485860824585,1
2007,2,1,0.18581166863441467,0
2008,3,0,0.014058992266654968,0
2009,5,0,0.010259688831865788,0
2010,4,0,0.008631866425275803,0
2011,5,0,0.05612583085894585,0
2012,3,0,0.24426066875457764,0
2013,4,0,0.3741007149219513,0
2014,4,0,0.0977989062666893,0
2015,5,0,0.02811574377119541,0
2016,5,0,0.016816966235637665,0
2017,4,0,0.01611008308827877,0
2018,5,0,0.024729019030928612,0
2019,5,0,0.0860065296292305,0
2020,3,0,0.14325489103794098,0
2021,3,0,0.02891259640455246,0
2022,2,0,0.17465661466121674,0
2023,2,0,0.2580653131008148,0
2024,2,0,0.06718014925718307,0
2025,2,0,0.07573290914297104,0
2026,3,0,0.07165046036243439,0
2027,2,0,0.09132013469934464,0
2028,3,0,0.08534375578165054,0
2029,5,0,0.04350193217396736,0
2030,3,0,0.031216271221637726,0
2031,2,0,0.10707098245620728,0
2032,3,1,0.1924355924129486,0
2033,3,1,0.2017277330160141,0
2034,4,1,0.3650888502597809,0
2035,4,0,0.24401913583278656,0
2036,4,0,0.5875545740127563,1
2037,5,0,0.14174602925777435,0
2038,5,0,0.0636901929974556,0
2039,4,0,0.47131988406181335,0
2040,5,0,0.14739911258220673,0
2041,5,0,0.8143561482429504,1
2042,2,0,0.1786402314901352,0
2043,5,0,0.309429794549942,0
2044,5,0,0.05044637992978096,0
2045,5,0,0.7650452852249146,1
2046,5,1,0.3307301998138428,0
2047,2,1,0.15846902132034302,0
2048,5,0,0.8216228485107422,1
2049,3,1,0.8197915554046631,1
2050,3,0,0.16936075687408447,0
2051,2,0,0.12448183447122574,0
2052,3,1,0.375553697347641,0
2053,4,0,0.3902190625667572,0
2054,5,0,0.06322048604488373,0
2055,5,0,0.15291950106620789,0
2056,5,0,0.19329270720481873,0
2057,5,0,0.03887384757399559,0
2058,3,0,0.01548004150390625,0
2059,4,0,0.020801464095711708,0
2060,2,0,0.049836475402116776,0
2061,5,0,0.6141252517700195,1
2062,5,0,0.16930274665355682,0
2063,3,0,0.062082741409540176,0
2064,3,0,0.32833132147789,0
2065,5,0,0.3809683620929718,0
2066,5,0,0.6200690865516663,1
2067,5,0,0.6559887528419495,1
2068,4,0,0.04871121793985367,0
2069,3,0,0.04167730361223221,0
2070,2,0,0.13050663471221924,0
2071,5,0,0.4966285228729248,0
2072,4,0,0.12415442615747452,0
2073,5,0,0.01154517475515604,0
2074,3,0,0.01225154846906662,0
2075,4,0,0.011258511804044247,0
2076,5,0,0.011522272601723671,0
2077,4,0,0.04794479161500931,0
2078,4,0,0.031123170629143715,0
2079,5,0,0.07349827140569687,0
2080,3,0,0.01609928533434868,0
2081,5,0,0.015652500092983246,0
2082,4,0,0.012480705045163631,0
2083,4,0,0.03135373443365097,0
2084,5,0,0.014307009056210518,0
2085,5,0,0.01844141259789467,0
2086,2,0,0.018144754692912102,0
2087,2,0,0.011066235601902008,0
2088,5,0,0.18480229377746582,0
2089,5,0,0.6034146547317505,1
2090,2,0,0.03798523545265198,0
2091,3,0,0.028646320104599,0
2092,3,0,0.02180679328739643,0
2093,3,0,0.26204535365104675,0
2094,3,0,0.08599134534597397,0
2095,4,0,0.2148783802986145,0
2096,2,1,0.4795103073120117,0
2097,3,0,0.16592398285865784,0
2098,4,1,0.8522036075592041,1
2099,4,0,0.1870616227388382,0
2100,4,1,0.6423298120498657,1
2101,5,1,0.8404468894004822,1
2102,5,0,0.28501656651496887,0
2103,5,0,0.11721635609865189,0
2104,4,1,0.8504277467727661,1
2105,4,0,0.0942603275179863,0
2106,5,0,0.1362561583518982,0
2107,5,0,0.3364429771900177,0
2108,5,1,0.3097035586833954,0
2109,5,1,0.30524149537086487,0
2110,5,1,0.2737496793270111,0
2111,5,0,0.09488099068403244,0
2112,5,0,0.15061859786510468,0
2113,5,0,0.30542707443237305,0
2114,3,0,0.3809943199157715,0
2115,3,0,0.45323869585990906,0
2116,5,1,0.05299343913793564,0
2117,5,1,0.5809516310691833,1
2118,5,1,0.3856236934661865,0
2119,5,0,0.2307177037000656,0
2120,3,0,0.09321808069944382,0
2121,5,0,0.4056839346885681,0
2122,5,1,0.6958255767822266,1
2123,5,0,0.02999451570212841,0
2124,5,1,0.548992931842804,0
2125,5,1,0.1954381912946701,0
2126,2,1,0.13062205910682678,0
2127,3,0,0.6391178965568542,1
2128,5,0,0.3940484821796417,0
2129,4,0,0.03383475914597511,0
2130,2,0,0.4000147879123688,0
2131,5,0,0.6790375709533691,1
2132,2,0,0.029385467991232872,0
2133,2,0,0.14340053498744965,0
2134,4,0,0.4295518398284912,0
2135,2,0,0.3379276990890503,0
2136,4,0,0.499944806098938,0
2137,2,0,0.7861422300338745,1
2138,2,0,0.022151853889226913,0
2139,2,0,0.021663447842001915,0
2140,3,0,0.07035078853368759,0
2141,3,0,0.052372902631759644,0
2142,5,0,0.4497644603252411,0
2143,4,0,0.11770931631326675,0
2144,5,0,0.22577546536922455,0
2145,4,1,0.8988940715789795,1
2146,2,0,0.19878245890140533,0
2147,3,0,0.026327328756451607,0
2148,3,0,0.019178397953510284,0
2149,3,0,0.12289364635944366,0
2150,5,0,0.05429920554161072,0
2151,4,0,0.05070876330137253,0
2152,5,0,0.17491187155246735,0
2153,5,0,0.17238996922969818,0
2154,2,0,0.039895184338092804,0
2155,5,0,0.1328272521495819,0
2156,3,1,0.4835008978843689,0
2157,2,0,0.8029664158821106,1
2158,5,0,0.47660648822784424,0
2159,2,0,0.2862595319747925,0
2160,2,0,0.08341985940933228,0
2161,2,0,0.3209453523159027,0
2162,3,0,0.5495444536209106,0
2163,4,0,0.6160959005355835,1
2164,4,0,0.6891322135925293,1
2165,3,0,0.6305781602859497,1
2166,5,1,0.5070428252220154,0
2167,5,1,0.34429413080215454,0
