Descriptor,False_negative_N,False_negative_median,False_negative_Q1,False_negative_Q3,True_positive_N,True_positive_median,True_positive_Q1,True_positive_Q3,Median_difference_FN_minus_TP,Cliffs_delta,Absolute_Cliffs_delta,Mann_Whitney_p,BH_adjusted_q
SMR_VSA1,40,14.06620202347342,9.53140013787187,14.851596868368791,54,0.0,0.0,8.417796984328938,14.06620202347342,0.6199074074074075,0.6199074074074075,1.5818902686313131e-07,9.807719665514142e-06
Chi0,40,13.263184389818225,6.738422602900647,16.95050629566146,54,6.090899137937356,4.869211301450322,8.179333045451862,7.172285251880869,0.5527777777777778,0.5527777777777778,5.054676393336935e-06,8.525200676112701e-05
NumValenceElectrons,40,96.0,51.5,123.0,54,47.0,36.0,61.5,49.0,0.5504629629629629,0.5504629629629629,5.5001294684598066e-06,8.525200676112701e-05
Kappa1,40,12.628444816053511,6.941267219707604,16.895419291814086,54,6.380000000000001,4.492779080919914,9.112757501701518,6.24844481605351,0.5333333333333333,0.5333333333333333,1.0763955597926093e-05,0.00011122754117856962
HeavyAtomCount,40,17.0,9.0,23.0,54,8.0,6.0,10.75,9.0,0.5324074074074074,0.5324074074074074,1.0567147995425502e-05,0.00011122754117856962
MinAbsPartialCharge,39,0.2791961547919219,0.11549342010358044,0.3295474162109845,52,0.053997464425361755,0.020483850870574024,0.20790804950842615,0.22519869036656015,0.5167652859960552,0.5167652859960552,2.688579186697167e-05,0.0001852132328613604
EState_VSA10,40,6.762162189584822,0.0,10.095585251528084,54,0.0,0.0,3.1566738691233516,6.762162189584822,0.513425925925926,0.513425925925926,3.3024897713320687e-06,8.525200676112701e-05
Chi1,40,7.887011214374862,4.161601979705074,10.551577735049449,54,3.6542831486970986,2.8295070218971734,5.202562186214781,4.2327280656777635,0.513425925925926,0.513425925925926,2.2619900821318426e-05,0.0001852132328613604
Chi2n,40,4.0264429348347255,1.9799460624073986,5.552586514925414,54,1.8114431997778904,1.1530179494887411,2.6558210729678553,2.214999735056835,0.5092592592592593,0.5092592592592593,2.644134234844514e-05,0.0001852132328613604
HeavyAtomMolWt,40,233.65349999999998,119.06599999999997,329.0312500000001,54,110.09499999999998,84.14099999999999,169.78375,123.5585,0.5009259259259259,0.5009259259259259,3.572556414064204e-05,0.00022149849767198062
MolWt,40,249.27750000000003,129.14600000000002,349.31675000000007,54,121.67699999999996,90.13575,185.73925,127.60050000000007,0.4925925925925926,0.4925925925925926,4.812105814947824e-05,0.0002712277822970592
MaxPartialCharge,39,0.2926920439228373,0.12977086591246784,0.3433659362020829,52,0.053997464425361755,0.020483850870574024,0.24721489853139272,0.23869457949747558,0.4911242603550296,0.4911242603550296,6.611701235070003e-05,0.00034160456381195016
MaxAbsPartialCharge,39,0.4275169375843017,0.3667846426878702,0.46137970716343424,52,0.32414172163721,0.28568642615295725,0.3775855460336527,0.1033752159470917,0.47830374753451677,0.47830374753451677,0.00010205738182541986,0.00048673520562892553
Chi0v,40,10.525238549988494,5.171546567675366,13.972137986277522,54,5.5810059522507665,4.090804097514169,8.06720872854945,4.944232597737727,0.4537037037037037,0.4537037037037037,0.00018158002123427267,0.0008041400940374932
Chi3n,40,2.019482284735885,0.6689206846932266,3.5833430555726773,54,1.0380154884637873,0.4134624816150886,1.6625430727498065,0.9814667962720978,0.42777777777777776,0.42777777777777776,0.00041677121241438813,0.001614988448105754
Chi4n,40,1.5596666960470724,0.28172014388915817,2.6410802491502006,54,0.45113166878359356,0.12676597947070192,0.9915730625597035,1.1085350272634789,0.42453703703703705,0.42453703703703705,0.00045309834840034696,0.001652476329460089
NumHeteroatoms,40,4.0,3.0,6.0,54,2.0,1.0,4.75,2.0,0.42268518518518516,0.42268518518518516,0.0004039044118945742,0.001614988448105754
MolLogP,40,3.1189500000000008,1.100505,4.789875000000004,54,1.29265,0.47322499999999995,1.9219,1.8263000000000007,0.4148148148148148,0.4148148148148148,0.00062124034454061,0.002139827853417657
MinPartialCharge,39,-0.3936413458759476,-0.4600572519948736,-0.2863664283880476,52,-0.315375941099828,-0.36273279269725417,-0.26887252914249243,-0.0782654047761196,-0.40433925049309666,0.40433925049309666,0.001022888937920853,0.0031709557075546443
HallKierAlpha,40,-0.7700000000000001,-1.9899999999999995,-0.08,54,-0.17000000000000004,-0.6825,0.07249999999999993,-0.6000000000000001,-0.38981481481481484,0.38981481481481484,0.0012918011999130152,0.0036405306543003156
Chi1v,40,6.525487297429967,3.0824436823551165,8.372830583933535,54,3.1735217548805092,2.2501054996427317,4.8286074537573125,3.3519655425494577,0.3824074074074074,0.3824074074074074,0.0016078564594417491,0.0041536291868911855
Chi2v,40,4.6413212384378,2.3872390914308226,7.333668808474362,54,2.4736430520303188,1.3015153794541845,4.001538756213288,2.167678186407481,0.3787037037037037,0.3787037037037037,0.0017848470179686335,0.0042561736582328955
MinEStateIndex,40,-0.6176794461375766,-2.040287580309901,-0.3165205341395818,54,0.5133101851851853,-1.128472222222222,0.8825694444444443,-1.130989631322762,-0.3768518518518518,0.3768518518518518,0.0018797242498748354,0.004316403833045919
NumRotatableBonds,40,3.5,2.0,6.0,54,1.0,0.0,3.75,2.5,0.37407407407407406,0.37407407407407406,0.001774877126636319,0.0042561736582328955
VSA_EState2,40,6.661458333333333,0.0,12.633943535779526,54,0.0,0.0,3.8745833333333337,6.661458333333333,0.3648148148148148,0.3648148148148148,0.00109546248950295,0.0032342225880563286
Kappa2,40,5.920321821036107,3.205445205396481,6.952344613953112,54,2.8499999999999996,1.9943517497104293,5.31736750348675,3.0703218210361074,0.3625,0.3625,0.002788710277544006,0.005962070248542358
NOCount,40,3.0,2.0,4.0,54,2.0,1.0,3.0,1.0,0.3625,0.3625,0.0021882802899873773,0.004845477784972049
NumHAcceptors,40,2.5,2.0,4.0,54,1.5,1.0,2.0,1.0,0.350462962962963,0.350462962962963,0.0029672910262139554,0.006132401454175508
TPSA,40,40.46,28.67,59.32000000000001,54,26.059999999999995,12.89,44.02,14.400000000000006,0.3472222222222222,0.3472222222222222,0.004169392364720113,0.008338784729440225
NumAromaticRings,40,0.0,0.0,2.0,54,0.0,0.0,0.0,0.0,0.3236111111111111,0.3236111111111111,0.0014961358244170873,0.004033061787559105
SlogP_VSA3,40,6.010936216954849,0.0,9.545818695439813,54,0.0,0.0,6.025013363128665,6.010936216954849,0.31666666666666665,0.31666666666666665,0.005430577802347281,0.010521744492047857
SMR_VSA5,40,19.262464868778025,8.776124359807751,28.969482607317264,54,6.923737199690624,0.0,20.18908221351283,12.338727669087401,0.31296296296296294,0.31296296296296294,0.009320903256786608,0.016996941232963816
EState_VSA1,40,6.103966387748303,0.0,12.106936950649265,54,0.0,0.0,7.375205093150568,6.103966387748303,0.28194444444444444,0.28194444444444444,0.014120262953113218,0.024318230641472767
Chi4v,40,2.0631125428659813,0.28172014388915817,3.516096052768738,54,0.5694504366837441,0.2172760055294704,1.3830261608077419,1.4936621061822373,0.28194444444444444,0.28194444444444444,0.01992135633586041,0.03250326560061435
Kappa3,40,3.334929942237828,2.5823478693334567,4.9702319631806775,54,2.360607748518829,1.4306422918272903,4.450685901119058,0.974322193718999,0.26805555555555555,0.26805555555555555,0.02709863072553571,0.043079874486749076
PEOE_VSA10,40,0.0,0.0,11.676250943800008,54,0.0,0.0,0.0,0.0,0.25833333333333336,0.25833333333333336,0.007662256833892031,0.014395755263675937
Chi3v,40,3.1501092308099508,1.0102000940976117,5.1090172058536645,54,1.451389611191657,0.699131124832961,2.6640111163320706,1.6987196196182937,0.2564814814814815,0.2564814814814815,0.03447438504632448,0.053435296821802945
SlogP_VSA11,40,0.0,0.0,5.782130959071772,54,0.0,0.0,0.0,0.0,0.25462962962962965,0.25462962962962965,0.000985007325944701,0.0031709557075546443
PEOE_VSA14,40,2.8127931595389937,0.0,6.000288983698491,54,0.0,0.0,0.0,2.8127931595389937,0.2439814814814815,0.2439814814814815,0.017157543432372302,0.02875047818397521
NumAtomStereoCenters,40,0.0,0.0,1.0,54,0.0,0.0,0.0,0.0,0.23194444444444445,0.23194444444444445,0.012404477194595875,0.021973645316141266
PEOE_VSA1,40,9.473725907600098,0.0,9.93580645890092,54,5.045252957893958,0.0,5.733667477162185,4.428472949706141,0.2273148148148148,0.2273148148148148,0.05578150099601231,0.08435251370128691
EState_VSA9,40,9.473725907600098,0.0,18.3081044389355,54,5.497779515950336,0.0,11.46733495432437,3.975946391649762,0.16203703703703703,0.16203703703703703,0.17242877007175006,0.2429678123738296
PEOE_VSA8,40,6.076020106833881,0.0,10.884328231532727,54,10.93540400329379,0.0,13.161741439039847,-4.859383896459909,-0.15694444444444444,0.15694444444444444,0.18883356486664216,0.2601706893718181
SMR_VSA6,40,6.079383807760619,0.0,13.120575591125322,54,6.669708288253721,0.0,14.09534396535438,-0.590324480493102,-0.14212962962962963,0.14212962962962963,0.2231735437181771,0.30044488914625567
NumAliphaticRings,40,0.0,0.0,1.0,54,0.0,0.0,0.0,0.0,0.14027777777777778,0.14027777777777778,0.12947402337587816,0.19112832022153442
SlogP_VSA2,40,17.467524629521222,10.858286205280455,27.021622540266996,54,12.929152401902993,6.102920752643359,26.264406474603987,4.538372227618229,0.13796296296296295,0.13796296296296295,0.2559231146048846,0.3173446621100569
SMR_VSA9,40,0.0,0.0,5.782130959071772,54,0.0,0.0,0.0,0.0,0.13055555555555556,0.13055555555555556,0.14754437134329354,0.2127383958903302
EState_VSA8,40,4.887570953256112,0.0,11.315798637398547,54,5.525228040584258,0.0,12.059743701823686,-0.6376570873281464,-0.11898148148148148,0.11898148148148148,0.3123160955150338,0.3796783906261196
VSA_EState9,40,0.0,0.0,0.0,54,0.0,0.0,0.0,0.0,-0.11851851851851852,0.11851851851851852,0.22791587529692725,0.30044488914625567
NHOHCount,40,0.0,0.0,1.0,54,0.0,0.0,1.0,0.0,-0.08888888888888889,0.08888888888888889,0.41205034022783205,0.47309483507639977
SlogP_VSA12,40,0.0,0.0,12.61929487543728,54,0.0,0.0,10.074126188738738,0.0,0.08333333333333333,0.08333333333333333,0.4373705071187467,0.49303584438840536
NumAliphaticHeterocycles,40,0.0,0.0,0.0,54,0.0,0.0,0.0,0.0,0.07777777777777778,0.07777777777777778,0.23260249482290762,0.30044488914625567
NumAliphaticCarbocycles,40,0.0,0.0,0.0,54,0.0,0.0,0.0,0.0,0.07685185185185185,0.07685185185185185,0.3207909797488535,0.3824815527774792
VSA_EState10,40,0.0,0.0,5.111527548000881,54,0.0,0.0,0.6735243055555555,0.0,0.07037037037037037,0.07037037037037037,0.48038894448821123,0.5318591885405196
NumSaturatedRings,40,0.0,0.0,0.0,54,0.0,0.0,0.0,0.0,0.05787037037037037,0.05787037037037037,0.4979560894247991,0.5416364481462727
PEOE_VSA4,40,0.0,0.0,4.3890917251297905,54,0.0,0.0,0.0,0.0,0.05694444444444444,0.05694444444444444,0.5361916795640602,0.5731704160857196
NumAmideBonds,40,0.0,0.0,0.0,54,0.0,0.0,0.0,0.0,0.05416666666666667,0.05416666666666667,0.38476042077072836,0.4500970959959464
PEOE_VSA5,40,0.0,0.0,0.0,54,0.0,0.0,0.0,0.0,-0.03935185185185185,0.03935185185185185,0.5650313195507519,0.5937617256296037
NumBridgeheadAtoms,40,0.0,0.0,0.0,54,0.0,0.0,0.0,0.0,0.025,0.025,0.2541286754165297,0.3173446621100569
NumSaturatedCarbocycles,40,0.0,0.0,0.0,54,0.0,0.0,0.0,0.0,0.02361111111111111,0.02361111111111111,0.7493710452476697,0.7743500800892587
SlogP_VSA4,40,0.0,0.0,0.0,54,0.0,0.0,0.0,0.0,-0.017592592592592594,0.017592592592592594,0.8460949803344694,0.8599653898481492
NumHDonors,40,0.0,0.0,1.0,54,0.0,0.0,1.0,0.0,-0.016203703703703703,0.016203703703703703,0.883058767619433,0.8830587676194331
