Seed,Objective,Test_Fraction,Test_Prevalence,Development_Prevalence,Development_N,Test_N
402,0.012414718507787637,0.19644180874722017,0.17735849056603772,0.18265682656826568,2168,530
194,0.016196055317116848,0.19199406968124536,0.18146718146718147,0.181651376146789,2180,518
439,0.02272487323535241,0.1927353595255745,0.175,0.18319559228650137,2178,520
464,0.024033315449138642,0.18865826538176428,0.18271119842829076,0.18136135221562358,2189,509
408,0.03318639737681334,0.18606375092661231,0.17729083665338646,0.1826047358834244,2196,502
186,0.0333091233101227,0.18346923647146035,0.18181818181818182,0.18157058556513844,2203,495
305,0.03391202848625527,0.19088213491475167,0.16893203883495145,0.18460833715071004,2183,515
73,0.034886133380116396,0.18754633061527057,0.18972332015810275,0.17974452554744524,2192,506
376,0.036117397322779465,0.18791697553743514,0.1913214990138067,0.179370150616157,2191,507
234,0.037768070500556,0.18643439584877688,0.17296222664015903,0.18359908883826878,2195,503
519,0.03870357647055653,0.18532246108228317,0.174,0.18334849863512284,2198,500
102,0.03901279079429565,0.1849518161601186,0.1743486973947896,0.18326512050932242,2199,499
139,0.03932068052518725,0.18458117123795403,0.1746987951807229,0.1831818181818182,2200,498
428,0.03940036945630315,0.1927353595255745,0.16153846153846155,0.18640955004591367,2178,520
418,0.039592677604413234,0.18458117123795403,0.18875502008032127,0.18,2200,498
451,0.04037606117154513,0.18902891030392885,0.16666666666666666,0.18510054844606946,2188,510
116,0.04173507181259076,0.1816160118606375,0.17755102040816326,0.182518115942029,2208,490
392,0.04199985398342787,0.18383988139362492,0.18951612903225806,0.17983651226158037,2202,496
406,0.042883160193694564,0.18050407709414382,0.18480492813141683,0.18091361374943465,2211,487
302,0.04426945513113556,0.1816160118606375,0.18775510204081633,0.1802536231884058,2208,490
489,0.045494845381095744,0.18309859154929578,0.1720647773279352,0.1837568058076225,2204,494
447,0.048571084627422684,0.176056338028169,0.18105263157894738,0.18173639226270805,2223,475
340,0.05196714852256287,0.17494440326167532,0.18008474576271186,0.18194070080862534,2226,472
465,0.053433330792667516,0.18532246108228317,0.162,0.18607825295723385,2198,500
97,0.053681296053423616,0.176056338028169,0.17684210526315788,0.18263607737291948,2223,475
354,0.0537653518509246,0.1849518161601186,0.1623246492985972,0.18599363346975897,2199,499
45,0.053861533415080376,0.17902149740548554,0.17184265010351968,0.1837471783295711,2215,483
380,0.05387241364597181,0.17790956263899185,0.18958333333333333,0.17989179440937783,2218,480
385,0.05409614602354432,0.18458117123795403,0.16265060240963855,0.1859090909090909,2200,498
529,0.0541633848366746,0.17865085248332097,0.17219917012448133,0.18366425992779783,2216,482
229,0.05446382864888627,0.17828020756115642,0.17255717255717257,0.18358141632837166,2217,481
492,0.054742257956856444,0.1753150481838399,0.18604651162790697,0.18067415730337077,2225,473
315,0.054984935058058626,0.17679762787249814,0.18867924528301888,0.180099054479964,2221,477
317,0.05509658075918061,0.17420311341734618,0.17872340425531916,0.1822262118491921,2228,470
516,0.05523414905097532,0.18865826538176428,0.15520628683693516,0.187756966651439,2189,509
351,0.055767375780114065,0.17976278724981468,0.16907216494845362,0.184365115228197,2213,485
101,0.05605469539819535,0.18235730170496664,0.16463414634146342,0.18540344514959203,2206,492
289,0.0567255675275376,0.17234988880652335,0.1827956989247312,0.1813703537841469,2233,465
75,0.057297045446392636,0.17790956263899185,0.17083333333333334,0.18394950405770966,2218,480
448,0.05767307336776001,0.17420311341734618,0.17659574468085107,0.1826750448833034,2228,470
132,0.058343248900037864,0.18532246108228317,0.158,0.1869881710646042,2198,500
261,0.0583969360057523,0.17420311341734618,0.18723404255319148,0.18043087971274685,2228,470
327,0.058984892031836544,0.17086730911786507,0.1822125813449024,0.18149307107733573,2237,461
431,0.05921528950584787,0.17865085248332097,0.16804979253112035,0.18456678700361012,2216,482
386,0.059359122192770064,0.1893995552260934,0.1506849315068493,0.18884316415180613,2187,511
195,0.0602495659763394,0.17420311341734618,0.17446808510638298,0.18312387791741472,2228,470
452,0.06082231889589612,0.17346182357301704,0.1752136752136752,0.18295964125560538,2230,468
118,0.060840293168954174,0.1927353595255745,0.14423076923076922,0.19054178145087236,2178,520
168,0.061046373713126184,0.17642698295033357,0.17016806722689076,0.18406840684068407,2222,476
350,0.061145834485104716,0.18754633061527057,0.15217391304347827,0.1884124087591241,2192,506
128,0.0613562017610228,0.18198665678280207,0.16089613034623218,0.1862256456728591,2207,491
251,0.06194277105755244,0.1753150481838399,0.17124735729386892,0.18382022471910112,2225,473
341,0.06223866998692093,0.17494440326167532,0.1716101694915254,0.18373764600179696,2226,472
181,0.06236542536824416,0.17790956263899185,0.16666666666666666,0.1848512173128945,2218,480
330,0.062455030510149834,0.16901408450704225,0.18201754385964913,0.18153434433541482,2242,456
462,0.062824132851168,0.17049666419570053,0.18478260869565216,0.18096514745308312,2238,460
326,0.06311752830285922,0.1738324684951816,0.17270788912579957,0.18349035441902198,2229,469
133,0.06329260737764195,0.17272053372868792,0.1888412017167382,0.18010752688172044,2232,466
109,0.06439258269695575,0.16864343958487768,0.18021978021978022,0.1818992420864913,2243,455
162,0.06490124491487786,0.1682727946627131,0.1828193832599119,0.18137254901960784,2244,454
144,0.06500266599995283,0.18606375092661231,0.15139442231075698,0.1885245901639344,2196,502
170,0.0652138003819106,0.17753891771682728,0.1649269311064718,0.18521856692203695,2219,479
415,0.06540255119349819,0.17420311341734618,0.1702127659574468,0.18402154398563733,2228,470
90,0.06632092631054234,0.16864343958487768,0.18461538461538463,0.18100757913508694,2243,455
135,0.06645682461842584,0.176056338028169,0.16631578947368422,0.18488529014844804,2223,475
456,0.0664954617527937,0.16938472942920682,0.1772428884026258,0.18250780901383312,2241,457
223,0.06667222058514324,0.1816160118606375,0.15714285714285714,0.18704710144927536,2208,490
212,0.06703621637046012,0.16864343958487768,0.17802197802197803,0.18234507356219348,2243,455
369,0.06764440896390495,0.176056338028169,0.19789473684210526,0.17813765182186234,2223,475
433,0.06800578242376565,0.18013343217197925,0.15843621399176955,0.18670886075949367,2212,486
371,0.06829291320629877,0.17049666419570053,0.17391304347826086,0.18319928507596067,2238,460
161,0.06857348560830012,0.17012601927353596,0.17429193899782136,0.18311746315319338,2239,459
391,0.0685833608422976,0.16716085989621943,0.18403547671840353,0.1811303960836671,2247,451
273,0.0686650049891114,0.1793921423276501,0.1590909090909091,0.18654019873532068,2214,484
88,0.06907755341152638,0.17790956263899185,0.20208333333333334,0.17718665464382327,2218,480
112,0.06963358037888176,0.1753150481838399,0.1649048625792812,0.1851685393258427,2225,473
484,0.0698141924322778,0.16679021497405486,0.18444444444444444,0.18104982206405695,2248,450
203,0.07001189245071893,0.167531504818384,0.18584070796460178,0.18076580587711488,2246,452
164,0.0702233213786009,0.16790214974054857,0.17660044150110377,0.18262806236080179,2245,453
517,0.07061276104605399,0.16493699036323203,0.18202247191011237,0.18153573013759433,2253,445
394,0.0710261339111232,0.16679021497405486,0.17777777777777778,0.18238434163701067,2248,450
187,0.07116304941599885,0.17346182357301704,0.16666666666666666,0.18475336322869956,2230,468
479,0.07124569357073474,0.16716085989621943,0.18625277161862527,0.1806853582554517,2247,451
157,0.07131525631526928,0.18198665678280207,0.15274949083503056,0.18803806071590395,2207,491
204,0.07146463941671763,0.1730911786508525,0.1670235546038544,0.184670551322277,2231,467
150,0.07161245900882543,0.18680504077094143,0.14484126984126985,0.19006381039197812,2194,504
208,0.07204468260649238,0.16901408450704225,0.17324561403508773,0.1833184656556646,2242,456
78,0.07207292288355532,0.1653076352853966,0.17937219730941703,0.18206039076376554,2252,446
107,0.07281172092235946,0.17679762787249814,0.20335429769392033,0.1769473210265646,2221,477
313,0.07282880874110867,0.17753891771682728,0.15866388308977036,0.18657052726453358,2219,479
364,0.07302516789322144,0.18013343217197925,0.15432098765432098,0.1876130198915009,2212,486
279,0.07315021505373392,0.167531504818384,0.1747787610619469,0.1829919857524488,2246,452
410,0.07334234986221108,0.16345441067457375,0.18140589569160998,0.18165706690296854,2257,441
496,0.07336349244779009,0.17976278724981468,0.15463917525773196,0.18752824220515138,2213,485
196,0.07347812518055052,0.17679762787249814,0.15932914046121593,0.18640252138676272,2221,477
240,0.07347812518055052,0.17679762787249814,0.15932914046121593,0.18640252138676272,2221,477
474,0.07407403383860706,0.16308376575240918,0.18181818181818182,0.18157661647475642,2258,440
504,0.07524895628617045,0.1682727946627131,0.17180616740088106,0.1836007130124777,2244,454
500,0.0758078404093317,0.167531504818384,0.17256637168141592,0.1834372217275156,2246,452
262,0.07621836564668494,0.1793921423276501,0.15289256198347106,0.1878952122854562,2214,484
521,0.07695267475500131,0.17272053372868792,0.1630901287553648,0.18548387096774194,2232,466
256,0.07698637649961548,0.18383988139362492,0.14516129032258066,0.18982742960944596,2202,496
540,0.07726016826236079,0.17234988880652335,0.16344086021505377,0.18540080609046125,2233,465
395,0.07726016826236079,0.17234988880652335,0.16344086021505377,0.18540080609046125,2233,465
322,0.07744532728343106,0.1653076352853966,0.17488789237668162,0.18294849023090587,2252,446
137,0.07761183195779109,0.18569310600444774,0.14171656686626746,0.19071461083295402,2197,501
328,0.07764595218345799,0.17494440326167532,0.15889830508474576,0.18643306379155436,2226,472
215,0.07778700741262762,0.1619718309859155,0.18306636155606407,0.18133569217160547,2261,437
487,0.0778972322565506,0.1682727946627131,0.1696035242290749,0.1840463458110517,2244,454
165,0.0778972322565506,0.1682727946627131,0.1696035242290749,0.1840463458110517,2244,454
458,0.07823912631689045,0.1771682727946627,0.15481171548117154,0.1873873873873874,2220,478
54,0.07824146397748508,0.1641957005189029,0.17607223476297967,0.1827050997782705,2255,443
173,0.07847566882171528,0.17086730911786507,0.1648590021691974,0.1850692892266428,2237,461
306,0.07876362928817435,0.16345441067457375,0.17687074829931973,0.18254319893664156,2257,441
488,0.07902209728977058,0.16308376575240918,0.17727272727272728,0.1824623560673162,2258,440
266,0.07908013984872267,0.17902149740548554,0.15113871635610765,0.18826185101580137,2215,483
405,0.07927310370572133,0.16234247590808007,0.18493150684931506,0.18097345132743362,2260,438
231,0.07930582707292058,0.1664195700518903,0.1714922048997773,0.18363717207647842,2249,449
399,0.07958270529610414,0.16604892512972572,0.171875,0.18355555555555556,2250,448
425,0.07978689203466863,0.1619718309859155,0.17848970251716248,0.18222025652366208,2261,437
95,0.07988799280732084,0.1753150481838399,0.15644820295983086,0.18696629213483146,2225,473
113,0.08010475509472448,0.17790956263899185,0.15208333333333332,0.18800721370604148,2218,480
434,0.08053550384358141,0.1608598962194218,0.17972350230414746,0.18197879858657243,2264,434
367,0.08078138402229218,0.16048925129725722,0.18013856812933027,0.18189845474613686,2265,433
460,0.08086150684497456,0.17420311341734618,0.1574468085106383,0.1867145421903052,2228,470
423,0.08125628206855226,0.16011860637509265,0.18287037037037038,0.18137687555163284,2266,432
190,0.08140952867188461,0.16716085989621943,0.16851441241685144,0.1842456608811749,2247,451
145,0.08145345643820542,0.17642698295033357,0.15336134453781514,0.18766876687668768,2222,476
343,0.08151659843575546,0.1608598962194218,0.18433179723502305,0.18109540636042404,2264,434
185,0.0816998715902151,0.17012601927353596,0.16339869281045752,0.18535060294774452,2239,459
252,0.0824515959144306,0.1753150481838399,0.1543340380549683,0.18741573033707865,2225,473
325,0.08262818267998087,0.16456634544106746,0.19144144144144143,0.17968056787932565,2254,444
355,0.08276355064052629,0.16048925129725722,0.18475750577367206,0.18101545253863136,2265,433
237,0.0827739093154041,0.16160118606375093,0.17660550458715596,0.1825817860300619,2262,436
264,0.08298746720086606,0.16604892512972572,0.19419642857142858,0.1791111111111111,2250,448
126,0.08306393883213303,0.18013343217197925,0.14609053497942387,0.18942133815551537,2212,486
176,0.08324823080358584,0.1619718309859155,0.18764302059496568,0.18045112781954886,2261,437
156,0.08347313992450864,0.1586360266864344,0.1822429906542056,0.1814977973568282,2270,428
91,0.08353235394821587,0.16048925129725722,0.17782909930715934,0.18233995584988963,2265,433
390,0.08353235394821587,0.16048925129725722,0.17782909930715934,0.18233995584988963,2265,433
499,0.08445329142778493,0.16308376575240918,0.17272727272727273,0.183348095659876,2258,440
247,0.08523260662816015,0.17160859896219421,0.20518358531317496,0.1767337807606264,2235,463
503,0.08523974653750635,0.16901408450704225,0.16228070175438597,0.1855486173059768,2242,456
413,0.08524811542562688,0.1619718309859155,0.17391304347826086,0.18310482087571872,2261,437
199,0.08526316977568271,0.1597479614529281,0.18561484918793503,0.18085575650639613,2267,431
505,0.0853495932817265,0.17494440326167532,0.15254237288135594,0.18778077268643306,2226,472
513,0.08578553941397293,0.16493699036323203,0.16853932584269662,0.1841988459831336,2253,445
210,0.08602719100060541,0.1608598962194218,0.17511520737327188,0.18286219081272084,2264,434
473,0.0866380971826752,0.17049666419570053,0.15869565217391304,0.1863270777479893,2238,460
524,0.08676852423127987,0.16011860637509265,0.1875,0.18049426301853486,2266,432
276,0.08695042598298111,0.17012601927353596,0.15904139433551198,0.186243858865565,2239,459
309,0.08723533421339968,0.16160118606375093,0.19036697247706422,0.1799292661361627,2262,436
56,0.08732126773895282,0.1664195700518903,0.16481069042316257,0.18497109826589594,2249,449
400,0.08732848043746624,0.17272053372868792,0.15450643776824036,0.18727598566308243,2232,466
495,0.08771049005558193,0.16234247590808007,0.17123287671232876,0.1836283185840708,2260,438
123,0.08777050126210714,0.15900667160859897,0.1864801864801865,0.18069634200088144,2269,429
512,0.08818528575849519,0.16864343958487768,0.16043956043956045,0.18591172536781098,2243,455
324,0.08819013608318255,0.1653076352853966,0.16591928251121077,0.1847246891651865,2252,446
62,0.08824523857667324,0.16160118606375093,0.1720183486238532,0.18346595932802828,2262,436
94,0.08826643017114322,0.15752409191994068,0.17882352941176471,0.18213814342278928,2273,425
446,0.08829985118148179,0.17160859896219421,0.15550755939524838,0.18702460850111857,2235,463
153,0.08870945419454404,0.1619718309859155,0.19221967963386727,0.17956656346749225,2261,437
463,0.08891275769516335,0.1627131208302446,0.19362186788154898,0.17928286852589642,2259,439
121,0.08894056748422136,0.17086730911786507,0.1561822125813449,0.18685739830129638,2237,461
233,0.08894056748422136,0.17086730911786507,0.1561822125813449,0.18685739830129638,2237,461
115,0.08909596718732046,0.167531504818384,0.16150442477876106,0.1856634016028495,2246,452
303,0.0892593278261786,0.17346182357301704,0.1517094017094017,0.18789237668161435,2230,468
80,0.08943583030425026,0.15604151223128243,0.1828978622327791,0.181379007465964,2277,421
482,0.08955147049302639,0.1597479614529281,0.1740139211136891,0.18306131451257168,2267,431
259,0.08955147049302639,0.1597479614529281,0.1740139211136891,0.18306131451257168,2267,431
453,0.08980736193457647,0.15937731653076354,0.1744186046511628,0.18298059964726632,2268,430
66,0.08980736193457647,0.15937731653076354,0.1744186046511628,0.18298059964726632,2268,430
449,0.08988469762861859,0.17828020756115642,0.14345114345114346,0.18989625620207487,2217,481
61,0.0898911539797276,0.1697553743513714,0.1572052401746725,0.18660714285714286,2240,458
338,0.09031368502723006,0.1586360266864344,0.17523364485981308,0.1828193832599119,2270,428
278,0.09051777210991196,0.16901408450704225,0.15789473684210525,0.1864406779661017,2242,456
329,0.09058022429870444,0.17197924388435878,0.15301724137931033,0.18755595344673232,2234,464
498,0.09082891943199958,0.16864343958487768,0.15824175824175823,0.18635755684351316,2243,455
180,0.09082891943199958,0.16864343958487768,0.15824175824175823,0.18635755684351316,2243,455
538,0.09130411478292802,0.15715344699777614,0.17688679245283018,0.18249780123131046,2274,424
450,0.09174544059328243,0.1641957005189029,0.16478555304740405,0.18492239467849225,2255,443
227,0.09174544059328243,0.1641957005189029,0.16478555304740405,0.18492239467849225,2255,443
175,0.09202706329928373,0.15604151223128243,0.17814726840855108,0.18225735617039965,2277,421
124,0.09236263055011096,0.16679021497405486,0.16,0.18594306049822065,2248,450
534,0.09253628450385701,0.15678280207561157,0.1867612293144208,0.18065934065934067,2275,423
397,0.09288169591343681,0.1627131208302446,0.1662870159453303,0.1845949535192563,2259,439
230,0.09288169591343681,0.1627131208302446,0.1662870159453303,0.1845949535192563,2259,439
312,0.09319298250195143,0.1541882876204596,0.18028846153846154,0.18185801928133216,2282,416
532,0.09386848735557854,0.1530763528539659,0.18159806295399517,0.18161925601750548,2285,413
188,0.09408746232817583,0.1738324684951816,0.14712153518123666,0.1888739344997757,2229,469
283,0.09409977973344391,0.16790214974054857,0.15673289183222958,0.1866369710467706,2245,453
236,0.0941569030681757,0.15381764269829504,0.18313253012048192,0.18134034165571616,2283,415
511,0.09417067758550227,0.1619718309859155,0.19679633867276888,0.17868199911543564,2261,437
226,0.0945970368621146,0.156412157153447,0.17535545023696683,0.1827768014059754,2276,422
49,0.09482625757213009,0.17012601927353596,0.15250544662309368,0.18758374274229567,2239,459
105,0.09502746756606417,0.16345441067457375,0.16326530612244897,0.18520159503766062,2257,441
336,0.09502969262998442,0.16679021497405486,0.15777777777777777,0.18638790035587188,2248,450
53,0.09507406492519499,0.1597479614529281,0.16937354988399073,0.1839435377150419,2267,431
476,0.09507406492519499,0.1597479614529281,0.16937354988399073,0.1839435377150419,2267,431
140,0.09508411930542329,0.15567086730911786,0.1761904761904762,0.1826163301141352,2278,420
81,0.0956048881180894,0.15900667160859897,0.17016317016317017,0.18378140149845748,2269,429
307,0.09564222910562797,0.16604892512972572,0.15848214285714285,0.18622222222222223,2250,448
69,0.0957988103906644,0.16308376575240918,0.2,0.17803365810451727,2258,440
346,0.09586763949221419,0.1586360266864344,0.1705607476635514,0.18370044052863435,2270,428
321,0.09594624410526487,0.16567828020756115,0.15883668903803133,0.18613949355841847,2251,447
383,0.09594624410526487,0.16567828020756115,0.15883668903803133,0.18613949355841847,2251,447
249,0.09611618677900832,0.16864343958487768,0.15384615384615385,0.18724921979491752,2243,455
241,0.09611618677900832,0.16864343958487768,0.15384615384615385,0.18724921979491752,2243,455
518,0.09626784354493162,0.15381764269829504,0.1783132530120482,0.18221638195356987,2283,415
142,0.09645223246857698,0.16160118606375093,0.1651376146788991,0.1847922192749779,2262,436
143,0.09671598406655124,0.16123054114158636,0.19770114942528735,0.17852408307556342,2263,435
469,0.09700456177131944,0.15381764269829504,0.1855421686746988,0.1809023215067893,2283,415
475,0.09728720357783416,0.16048925129725722,0.16628175519630484,0.1845474613686534,2265,433
198,0.09728720357783416,0.16048925129725722,0.16628175519630484,0.1845474613686534,2265,433
268,0.097358026086969,0.1586360266864344,0.1939252336448598,0.17929515418502204,2270,428
442,0.097358026086969,0.1586360266864344,0.1939252336448598,0.17929515418502204,2270,428
468,0.09736021058298777,0.1730911786508525,0.145610278372591,0.18915284625728374,2231,467
117,0.09762210886095149,0.15159377316530764,0.18092909535452323,0.18173875054608998,2289,409
438,0.09778065803462468,0.1697553743513714,0.15065502183406113,0.18794642857142857,2240,458
72,0.0978353621412793,0.1597479614529281,0.16705336426914152,0.18438464931627702,2267,431
155,0.0981502005809522,0.1553002223869533,0.17422434367541767,0.18297498903027642,2279,419
363,0.09839443358716901,0.15492957746478872,0.17464114832535885,0.18289473684210528,2280,418
424,0.09839443358716901,0.15492957746478872,0.17464114832535885,0.18289473684210528,2280,418
537,0.098627627571922,0.16567828020756115,0.15659955257270694,0.18658374055975122,2251,447
491,0.09863673789611055,0.15455893254262418,0.1750599520383693,0.18281455501972818,2281,417
277,0.09870265633944714,0.18198665678280207,0.13034623217922606,0.1930222020842773,2207,491
125,0.0988729024866905,0.15492957746478872,0.18899521531100477,0.18026315789473685,2280,418
349,0.09893494488293403,0.1653076352853966,0.15695067264573992,0.18650088809946713,2252,446
151,0.09911550224807536,0.15381764269829504,0.17590361445783131,0.18265440210249673,2283,415
267,0.09917531504818389,0.15789473684210525,0.16901408450704225,0.18397887323943662,2272,426
353,0.09917531504818389,0.15789473684210525,0.16901408450704225,0.18397887323943662,2272,426
523,0.09918789709921155,0.16160118606375093,0.1628440366972477,0.1852343059239611,2262,436
478,0.09918789709921155,0.16160118606375093,0.1628440366972477,0.1852343059239611,2262,436
389,0.09924911799906191,0.1738324684951816,0.14285714285714285,0.18977119784656796,2229,469
286,0.09935193285539748,0.15344699777613047,0.17632850241545894,0.18257443082311733,2284,414
290,0.09940565936785345,0.16790214974054857,0.152317880794702,0.18752783964365255,2245,453
235,0.09947297940891542,0.16123054114158636,0.1632183908045977,0.18515245249668583,2263,435
46,0.09947297940891542,0.16123054114158636,0.1632183908045977,0.18515245249668583,2263,435
58,0.09975640889316537,0.1608598962194218,0.16359447004608296,0.18507067137809188,2264,434
76,0.10003817350375782,0.16048925129725722,0.16397228637413394,0.18498896247240618,2265,433
334,0.10004585777094452,0.16716085989621943,0.15299334811529933,0.18736092567868268,2247,451
77,0.10004923880273431,0.15233506300963676,0.17761557177615572,0.18233493659816352,2287,411
393,0.10014906084849892,0.16382505559673832,0.1583710407239819,0.18617021276595744,2256,442
539,0.10021510797714969,0.156412157153447,0.17061611374407584,0.18365553602811951,2276,422
417,0.10072398719287681,0.15567086730911786,0.17142857142857143,0.18349429323968394,2278,420
435,0.10072398719287681,0.15567086730911786,0.17142857142857143,0.18349429323968394,2278,420
242,0.10074283295410755,0.16938472942920682,0.1487964989059081,0.18830879071842926,2241,457
192,0.1012253745760047,0.15492957746478872,0.1722488038277512,0.18333333333333332,2280,418
202,0.10133840455026816,0.16234247590808007,0.1598173515981735,0.18584070796460178,2260,438
494,0.10142661222074364,0.1508524833209785,0.18427518427518427,0.18114360541248364,2291,407
171,0.10177688563900067,0.17902149740548554,0.13250517598343686,0.19232505643340858,2215,483
323,0.10192356172984612,0.16160118606375093,0.16055045871559634,0.1856763925729443,2262,436
316,0.10209188543444195,0.15233506300963676,0.1873479318734793,0.18058592041976387,2287,411
282,0.10218524097630699,0.17346182357301704,0.14102564102564102,0.19013452914798207,2230,468
457,0.10221372127836956,0.16123054114158636,0.16091954022988506,0.1855943437914273,2263,435
445,0.10249709199870605,0.15715344699777614,0.16745283018867924,0.18425681618293754,2274,424
287,0.10303087886960482,0.16679021497405486,0.1511111111111111,0.18772241992882563,2248,450
298,0.10315371541980231,0.15196441808747221,0.17560975609756097,0.18269230769230768,2288,410
184,0.1033579565734479,0.1597479614529281,0.16241299303944315,0.18526687251874724,2267,431
257,0.10346247091083507,0.16308376575240918,0.15681818181818183,0.18644818423383525,2258,440
217,0.10359422423696268,0.17197924388435878,0.14224137931034483,0.18979409131602507,2234,464
253,0.10363985444923951,0.15937731653076354,0.16279069767441862,0.18518518518518517,2268,430
378,0.10404994032218914,0.17420311341734618,0.13829787234042554,0.19075403949730702,2228,470
271,0.10405631556484043,0.15492957746478872,0.16985645933014354,0.1837719298245614,2280,418
370,0.10406989467392883,0.15048183839881393,0.17733990147783252,0.1823734729493892,2292,406
440,0.10419857118969042,0.1586360266864344,0.16355140186915887,0.18502202643171806,2270,428
82,0.10451555364590542,0.1497405485544848,0.1782178217821782,0.1822144725370532,2294,404
245,0.10453478446436199,0.15492957746478872,0.1937799043062201,0.1793859649122807,2280,418
57,0.10465922636048072,0.16160118606375093,0.15825688073394495,0.1861184792219275,2262,436
497,0.1049544631478237,0.16123054114158636,0.15862068965517243,0.18603623508616882,2263,435
269,0.10502376046797818,0.15752409191994068,0.16470588235294117,0.1847778266608007,2273,425
483,0.10516814130481972,0.1486286137879911,0.17955112219451372,0.18197649107531563,2297,401
481,0.10554753788075061,0.15381764269829504,0.1927710843373494,0.17958826106000875,2283,415
130,0.10602396262636132,0.1664195700518903,0.1492204899777283,0.18808359270787017,2249,449
514,0.10609941962094296,0.15604151223128243,0.166270783847981,0.1844532279314888,2277,421
356,0.10611925378953219,0.1597479614529281,0.16009280742459397,0.18570798411998235,2267,431
292,0.10617806797984225,0.16308376575240918,0.15454545454545454,0.18689105403011513,2258,440
421,0.10617806797984225,0.16308376575240918,0.15454545454545454,0.18689105403011513,2258,440
103,0.10648458630076121,0.1627131208302446,0.1548974943052392,0.1868083222664896,2259,439
207,0.10662647194311436,0.1553002223869533,0.16706443914081145,0.18429135585783238,2279,419
258,0.10669178858357076,0.15900667160859897,0.16083916083916083,0.1855442926399295,2269,429
255,0.10678957034814263,0.16234247590808007,0.1552511415525114,0.18672566371681415,2260,438
422,0.10702826793073217,0.1682727946627131,0.14537444933920704,0.1889483065953654,2244,454
407,0.10725762009266118,0.15826538176426982,0.16159250585480095,0.18538088947600176,2271,427
48,0.10735560623635834,0.17346182357301704,0.13675213675213677,0.19103139013452916,2230,468
535,0.10753023756408256,0.15159377316530764,0.19070904645476772,0.1799912625600699,2289,409
520,0.1076040217271054,0.17049666419570053,0.14130434782608695,0.18990169794459338,2238,460
531,0.1076523387859496,0.14936990363232025,0.1761786600496278,0.18257080610021786,2295,403
154,0.10782373606289777,0.1619718309859155,0.20823798627002288,0.17647058823529413,2261,437
158,0.10783257357230355,0.15233506300963676,0.1922141119221411,0.17971141233056406,2287,411
510,0.10809358060659507,0.15715344699777614,0.16273584905660377,0.1851363236587511,2274,424
87,0.10858662432607899,0.16011860637509265,0.1574074074074074,0.18623124448367168,2266,432
335,0.10858662432607899,0.16011860637509265,0.1574074074074074,0.18623124448367168,2266,432
541,0.10883228534535225,0.17457375833951075,0.1337579617834395,0.1917377638078132,2227,471
297,0.10917193092788621,0.1467753891771683,0.17929292929292928,0.18201563857515204,2302,396
430,0.10917285145510475,0.15937731653076354,0.15813953488372093,0.18606701940035272,2268,430
361,0.10951515324707989,0.16234247590808007,0.15296803652968036,0.18716814159292036,2260,438
254,0.10971819754251189,0.15492957746478872,0.16507177033492823,0.18464912280701753,2280,418
366,0.11024533199295125,0.1541882876204596,0.1658653846153846,0.18448729184925505,2282,416
166,0.11032554978996792,0.15789473684210525,0.1596244131455399,0.1857394366197183,2272,426
147,0.11073978320721334,0.1608598962194218,0.1543778801843318,0.1868374558303887,2264,434
86,0.11079895861415048,0.14899925871015568,0.17412935323383086,0.18292682926829268,2296,402
146,0.11089182491053959,0.15715344699777614,0.16037735849056603,0.18557607739665788,2274,424
509,0.11089182491053959,0.15715344699777614,0.16037735849056603,0.18557607739665788,2274,424
238,0.1109718842495451,0.16382505559673832,0.1493212669683258,0.1879432624113475,2256,442
403,0.11107808871371036,0.1497405485544848,0.1905940594059406,0.18003487358326067,2294,404
211,0.1116092621178566,0.16308376575240918,0.15,0.18777679362267494,2258,440
149,0.11197798882003462,0.16864343958487768,0.14065934065934066,0.18992420864913062,2243,455
379,0.11200372296778377,0.15567086730911786,0.1619047619047619,0.18525021949078138,2278,420
432,0.11206408052582428,0.17642698295033357,0.12815126050420167,0.19306930693069307,2222,476
381,0.11213158831847322,0.1467753891771683,0.17676767676767677,0.18245004344048654,2302,396
375,0.11227731951788913,0.1553002223869533,0.162291169451074,0.1851689337428697,2279,419
178,0.11253966181636943,0.15344699777613047,0.19806763285024154,0.1786339754816112,2284,414
429,0.11281916661337346,0.15455893254262418,0.1630695443645084,0.1850065760631302,2281,417
333,0.11324905559243831,0.1497405485544848,0.1707920792079208,0.18352223190932868,2294,404
44,0.11335379576379392,0.15381764269829504,0.163855421686747,0.18484450284713097,2283,415
179,0.11340242561639566,0.15752409191994068,0.15764705882352942,0.18609766827980642,2273,425
416,0.11340242561639566,0.15752409191994068,0.15764705882352942,0.18609766827980642,2273,425
100,0.11348657763726624,0.14936990363232025,0.17121588089330025,0.18344226579520698,2295,403
220,0.1136900692144841,0.15715344699777614,0.1580188679245283,0.18601583113456466,2274,424
84,0.11398925602922133,0.1497405485544848,0.19306930693069307,0.17959895379250218,2294,404
299,0.11432485918686375,0.16308376575240918,0.14772727272727273,0.18821966341895482,2258,440
437,0.11437834021673907,0.16604892512972572,0.14285714285714285,0.18933333333333333,2250,448
214,0.11500696393268173,0.15900667160859897,0.15384615384615385,0.1868664609960335,2269,429
414,0.11538007952018334,0.15492957746478872,0.16028708133971292,0.18552631578947368,2280,418
293,0.11541790600252194,0.1508524833209785,0.16707616707616707,0.184199039720646,2291,407
536,0.11574699291897642,0.14566345441067458,0.17557251908396945,0.182646420824295,2305,393
339,0.11592141582635196,0.1475166790214974,0.19095477386934673,0.18,2300,398
377,0.11620145446693766,0.15381764269829504,0.1614457831325301,0.18528252299605782,2283,415
396,0.11623147036423734,0.1608598962194218,0.1497695852534562,0.1877208480565371,2264,434
372,0.11640369706292455,0.14936990363232025,0.1687344913151365,0.18387799564270152,2295,403
167,0.11640369706292455,0.14936990363232025,0.1687344913151365,0.18387799564270152,2295,403
308,0.11647165670625664,0.15344699777613047,0.16183574879227053,0.18520140105078808,2284,414
467,0.11688460547743126,0.1486286137879911,0.16957605985037408,0.18371789290378754,2297,401
420,0.11688460547743126,0.1486286137879911,0.16957605985037408,0.18371789290378754,2297,401
246,0.11712200830838174,0.14825796886582654,0.17,0.1836379460400348,2298,400
219,0.11736689861062075,0.1627131208302446,0.14578587699316628,0.18857901726427623,2259,439
85,0.1174723469639026,0.15937731653076354,0.1511627906976744,0.18738977072310406,2268,430
141,0.11805421444444425,0.15122312824314307,0.1642156862745098,0.18471615720524018,2290,408
209,0.11808345735215081,0.1586360266864344,0.15186915887850466,0.18722466960352424,2270,428
501,0.11821102050901908,0.15492957746478872,0.15789473684210525,0.18596491228070175,2280,418
191,0.11877150673845113,0.1541882876204596,0.15865384615384615,0.18580192813321647,2282,416
136,0.1192865578223731,0.15715344699777614,0.15330188679245282,0.1868953386103782,2274,424
300,0.1192865578223731,0.15715344699777614,0.15330188679245282,0.1868953386103782,2274,424
174,0.11973151481991365,0.16604892512972572,0.13839285714285715,0.1902222222222222,2250,448
68,0.1198115906602433,0.1497405485544848,0.19801980198019803,0.17872711421098517,2294,404
441,0.12017541226377704,0.14714603409933283,0.19395465994962216,0.1794871794871795,2301,397
138,0.1206769870334807,0.15159377316530764,0.16136919315403422,0.1852337265181302,2289,409
52,0.12146602084420197,0.15048183839881393,0.1625615763546798,0.1849912739965096,2292,406
201,0.12189677187322509,0.15381764269829504,0.1566265060240964,0.18615856329391153,2283,415
358,0.12189677187322509,0.15381764269829504,0.1566265060240964,0.18615856329391153,2283,415
294,0.12236722973289799,0.16011860637509265,0.14583333333333334,0.1884377758164166,2266,432
387,0.12268703708603798,0.1597479614529281,0.14617169373549885,0.18835465372739302,2267,431
419,0.12273585456254554,0.15270570793180133,0.15776699029126215,0.18591426071741032,2286,412
284,0.12298624720693402,0.15604151223128243,0.15201900237529692,0.18708827404479578,2277,421
506,0.12328632671095019,0.15196441808747221,0.15853658536585366,0.18575174825174826,2288,410
507,0.12415856599820979,0.1541882876204596,0.2091346153846154,0.1765994741454864,2282,416
213,0.12436537520591415,0.15048183839881393,0.16009852216748768,0.18542757417102967,2292,406
108,0.12441179907855292,0.17679762787249814,0.11740041928721175,0.19540747411076093,2221,477
182,0.12470882161968255,0.1441808747220163,0.1928020565552699,0.1797314854915548,2309,389
265,0.12503151863168624,0.15344699777613047,0.15458937198067632,0.18651488616462347,2284,414
443,0.12541446990785618,0.14899925871015568,0.16169154228855723,0.18510452961672474,2296,402
357,0.12542613937015845,0.14566345441067458,0.19592875318066158,0.179175704989154,2305,393
42,0.12560048434790008,0.15270570793180133,0.1553398058252427,0.18635170603674542,2286,412
197,0.12567195360688996,0.1486286137879911,0.16209476309226933,0.1850239442751415,2297,401
43,0.12586865064070335,0.16234247590808007,0.13926940639269406,0.18982300884955752,2260,438
67,0.12592749133710238,0.14825796886582654,0.1625,0.18494342906875544,2298,400
63,0.12610339268641751,0.15567086730911786,0.15,0.1874451273046532,2278,420
331,0.126440706576613,0.15159377316530764,0.15647921760391198,0.18610747051114024,2289,409
470,0.1266691850553158,0.16716085989621943,0.13082039911308205,0.19181130396083668,2247,451
114,0.12695819738534767,0.14269829503335804,0.19220779220779222,0.1798530047557285,2313,385
129,0.12717545133180597,0.14640474425500372,0.16455696202531644,0.18454190186712982,2303,395
455,0.1272383737994037,0.17420311341734618,0.11914893617021277,0.1947935368043088,2228,470
311,0.1283288075059003,0.15381764269829504,0.21204819277108433,0.17608409986859397,2283,415
332,0.12860106965004287,0.1486286137879911,0.1596009975062344,0.18545929473225947,2297,401
70,0.12922986224221344,0.1553002223869533,0.14797136038186157,0.18780166739798157,2279,419
365,0.12991182520137592,0.16382505559673832,0.1334841628959276,0.19104609929078015,2256,442
120,0.13015975591323065,0.15752409191994068,0.14352941176470588,0.18873735151781787,2273,425
493,0.13044098466079249,0.15011119347664936,0.15555555555555556,0.18621892716964675,2293,405
490,0.13063559297698937,0.16011860637509265,0.1388888888888889,0.18976169461606354,2266,432
426,0.1311144991098428,0.156412157153447,0.14454976303317535,0.18848857644991213,2276,422
274,0.13126067442533845,0.14899925871015568,0.15671641791044777,0.18597560975609756,2296,402
401,0.13136978655708112,0.14455151964418086,0.1641025641025641,0.18457538994800693,2308,390
525,0.13174326057387098,0.15567086730911786,0.14523809523809525,0.18832309043020193,2278,420
526,0.13179781335624946,0.14825796886582654,0.1575,0.18581375108790252,2298,400
244,0.13220442611974528,0.15159377316530764,0.15158924205378974,0.18698121450415028,2289,409
486,0.13456319451759774,0.15567086730911786,0.14285714285714285,0.1887620719929763,2278,420
409,0.13456319451759774,0.15567086730911786,0.14285714285714285,0.1887620719929763,2278,420
314,0.13488070981698821,0.1553002223869533,0.1431980906921241,0.18867924528301888,2279,419
148,0.13508017038310677,0.15826538176426982,0.13817330210772832,0.18978423601937472,2271,427
288,0.13519666644203343,0.15492957746478872,0.14354066985645933,0.18859649122807018,2280,418
47,0.13551105256099416,0.15455893254262418,0.14388489208633093,0.18851380973257342,2281,417
347,0.13567235750970152,0.1508524833209785,0.14987714987714987,0.18725447402880838,2291,407
304,0.13705860352859325,0.15604151223128243,0.14014251781472684,0.18928414580588493,2277,421
74,0.13766813537539654,0.14825796886582654,0.1525,0.1866840731070496,2298,400
427,0.13887426794998464,0.15715344699777614,0.13679245283018868,0.18997361477572558,2274,424
160,0.1398730747929251,0.15604151223128243,0.1377672209026128,0.18972332015810275,2277,421
260,0.13992363327467258,0.15270570793180133,0.14320388349514562,0.18853893263342084,2286,412
110,0.14036192093916353,0.14455151964418086,0.1564102564102564,0.18587521663778164,2308,390
263,0.14145934365460996,0.1508524833209785,0.14496314496314497,0.18812745525971192,2291,407
388,0.14172816222434337,0.1467753891771683,0.15151515151515152,0.18679409209383144,2302,396
281,0.14200476037834406,0.14640474425500372,0.1518987341772152,0.18671298306556666,2303,395
152,0.1429585311893648,0.16160118606375093,0.12614678899082568,0.19230769230769232,2262,436
218,0.14307625244457947,0.1586360266864344,0.1308411214953271,0.19118942731277533,2270,428
384,0.14382849219428506,0.14788732394366197,0.14786967418546365,0.18747281426707263,2299,399
337,0.14515967689743056,0.156412157153447,0.13270142180094788,0.19068541300527242,2276,422
79,0.15287620572045071,0.1541882876204596,0.12980769230769232,0.19106047326906223,2282,416
131,0.1578441943527192,0.15492957746478872,0.12440191387559808,0.19210526315789472,2280,418
360,0.27691538435212476,0.33543365455893254,0.1856353591160221,0.1795872838817624,1793,905
65,0.2783883256777351,0.3235730170496664,0.2027491408934708,0.1715068493150685,1825,873
295,0.2811599213366821,0.3183839881393625,0.21187427240977882,0.16748232735182164,1839,859
348,0.2842935303305818,0.32431430689399554,0.2057142857142857,0.170049369171695,1823,875
104,0.2865248409450468,0.3365455893254262,0.1905286343612335,0.1770949720670391,1790,908
318,0.2876763373206296,0.32431430689399554,0.208,0.1689522764673615,1823,875
127,0.2889324286663052,0.33432171979243885,0.1951219512195122,0.17483296213808464,1796,902
248,0.2918070598612369,0.32802075611564124,0.20564971751412428,0.16988416988416988,1813,885
106,0.2968516063101416,0.32802075611564124,0.20903954802259886,0.16822945394373967,1813,885
50,0.2968516063101416,0.32802075611564124,0.20903954802259886,0.16822945394373967,1813,885
291,0.2968516063101416,0.32802075611564124,0.20903954802259886,0.16822945394373967,1813,885
280,0.29710144039424125,0.3220904373610082,0.21749136939010358,0.16457080371787863,1829,869
320,0.2976010847799806,0.32097850259451444,0.21939953810623555,0.16375545851528384,1832,866
404,0.29816839634297004,0.32616753150481836,0.2125,0.16666666666666666,1818,880
55,0.3001595874958791,0.33246849518161603,0.20512820512820512,0.169905607995558,1801,897
515,0.30019314038926115,0.33543365455893254,0.2011049723756906,0.17177914110429449,1793,905
444,0.3010823135354432,0.33765752409191996,0.1986827661909989,0.17291550083939564,1787,911
239,0.30230575166176654,0.3283914010378058,0.21218961625282168,0.16666666666666666,1812,886
459,0.30230575166176654,0.3283914010378058,0.21218961625282168,0.16666666666666666,1812,886
169,0.30322765226856263,0.32616753150481836,0.2159090909090909,0.16501650165016502,1818,880
454,0.30520743382849524,0.3369162342475908,0.20242024202420242,0.17104527669088876,1789,909
205,0.30559818360399615,0.3313565604151223,0.21029082774049218,0.1674057649667406,1804,894
122,0.30563062093999743,0.33728687916975536,0.2021978021978022,0.17114093959731544,1788,910
225,0.3069406992079513,0.32802075611564124,0.21581920903954802,0.1649200220628792,1813,885
411,0.30894396751943143,0.3313565604151223,0.21252796420581654,0.1662971175166297,1804,894
177,0.30975262852803254,0.3335804299481097,0.21,0.16740823136818686,1798,900
189,0.3106552896820223,0.32987398072646407,0.2157303370786517,0.16482300884955753,1808,890
119,0.31141532186526255,0.335063009636768,0.20907079646017698,0.1677814938684504,1794,904
224,0.31246114415173976,0.3269088213491475,0.22108843537414966,0.16244493392070486,1816,882
527,0.3127389822040625,0.3302446256486286,0.2166105499438833,0.16436081903707803,1807,891
183,0.31313629898753603,0.3395107487027428,0.20414847161572053,0.17003367003367004,1782,916
71,0.3155294075595301,0.3250555967383247,0.22576966932725198,0.16035145524437122,1821,877
89,0.3160572607473335,0.34062268346923646,0.2045701849836779,0.1697582911748173,1779,919
466,0.31640614673873463,0.335063009636768,0.21238938053097345,0.16610925306577481,1794,904
477,0.31667330722530046,0.34544106745737585,0.1984978540772532,0.17270668176670442,1766,932
436,0.31726947050699195,0.3328391401037806,0.21603563474387527,0.16444444444444445,1800,898
382,0.3185530663710908,0.3413639733135656,0.20521172638436483,0.16938660664040517,1777,921
374,0.31863603385871564,0.32950333580429947,0.2215973003374578,0.16196793808734108,1809,889
221,0.319029260042937,0.34321719792438843,0.20302375809935205,0.17042889390519186,1772,926
96,0.320735613222493,0.3446997776130467,0.2021505376344086,0.17081447963800905,1768,930
92,0.32096981670659575,0.33765752409191996,0.21185510428100987,0.16620033575825405,1787,911
93,0.32096981670659575,0.33765752409191996,0.21185510428100987,0.16620033575825405,1787,911
461,0.3209710418583191,0.3361749444032617,0.21389195148842338,0.1652707984366276,1791,907
528,0.3214288732448748,0.34099332839140106,0.2076086956521739,0.16816647919010125,1778,920
362,0.3215242714657422,0.34395848776871757,0.2036637931034483,0.17005649717514124,1770,928
352,0.3226271086375251,0.33765752409191996,0.21295279912184412,0.16564073866815893,1787,911
368,0.3242844005684544,0.33765752409191996,0.21405049396267836,0.1650811415780638,1787,911
310,0.32469855527340974,0.3380281690140845,0.2138157894736842,0.16517357222844345,1786,912
345,0.32610178231862563,0.352112676056338,0.1957894736842105,0.17391304347826086,1748,950
272,0.3271827245679032,0.33876945885841364,0.21444201312910285,0.1647982062780269,1784,914
111,0.3272504985063881,0.34321719792438843,0.2084233261339093,0.16760722347629797,1772,926
502,0.3297870095374532,0.34544106745737585,0.20708154506437768,0.1681766704416761,1766,932
296,0.33022092465713665,0.33246849518161603,0.22519509476031216,0.15991116046640755,1801,897
533,0.33092775275132574,0.34210526315789475,0.2123510292524377,0.1656338028169014,1775,923
344,0.33137961921559606,0.34395848776871757,0.2101293103448276,0.16666666666666666,1770,928
163,0.33180050516377724,0.3443291326908821,0.20990312163616792,0.16676088185415489,1769,929
485,0.33180050516377724,0.3443291326908821,0.20990312163616792,0.16676088185415489,1769,929
472,0.3320705588579744,0.3502594514455152,0.2021164021164021,0.17056474614945807,1753,945
216,0.33304222965030805,0.335063009636768,0.2234513274336283,0.1605351170568562,1794,904
301,0.3358893190416064,0.343587842846553,0.21359223300970873,0.16487859966120835,1771,927
51,0.3368162162727417,0.3472942920681987,0.20917822838847386,0.16695059625212946,1761,937
59,0.3371857122387239,0.346182357301705,0.21092077087794434,0.1660997732426304,1764,934
64,0.3375427360158896,0.33765752409191996,0.22283205268935236,0.16060436485730273,1787,911
99,0.33833533674956057,0.3413639733135656,0.2182410423452769,0.1626336522228475,1777,921
193,0.34205024895518077,0.3587842846553002,0.19731404958677687,0.17283236994219653,1730,968
398,0.3420670490226194,0.3446997776130467,0.2161290322580645,0.16346153846153846,1768,930
243,0.3426227434589938,0.34951816160118604,0.20996818663838812,0.16638176638176638,1755,943
222,0.34266158155957055,0.35656041512231285,0.20062370062370063,0.17108294930875576,1736,962
319,0.3437032643845406,0.3402520385470719,0.2233115468409586,0.1601123595505618,1780,918
530,0.3441541388564554,0.34655300222386953,0.21497326203208555,0.16392512762336925,1763,935
60,0.34620863581345507,0.3469236471460341,0.21581196581196582,0.16345062429057888,1762,936
522,0.34739312877251616,0.343587842846553,0.22114347357065803,0.16092603049124787,1771,927
83,0.347844548771729,0.3469236471460341,0.2168803418803419,0.16288308740068105,1762,936
285,0.348591231426038,0.35470719051148997,0.20689655172413793,0.16771970132107983,1741,957
232,0.35067162547029807,0.36063750926612304,0.20041109969167523,0.17101449275362318,1725,973
206,0.35125151262896054,0.3513713862120089,0.21308016877637131,0.16457142857142856,1750,948
200,0.3512838136082662,0.35841363973313567,0.20372285418821096,0.16926632004621606,1731,967
134,0.35414453261167717,0.3524833209785026,0.21345951629863302,0.16428162564396107,1747,951
270,0.3564373566333474,0.3472942920681987,0.22198505869797225,0.16013628620102216,1761,937
275,0.35685100210633214,0.3476649369903632,0.22174840085287847,0.16022727272727272,1760,938
172,0.3618866827948597,0.3647146034099333,0.20223577235772358,0.16977829638273045,1714,984
480,0.3637989184247078,0.3480355819125278,0.22577209797657083,0.1580443433769187,1759,939
159,0.36639342087844284,0.36582653817642696,0.20364741641337386,0.16890707188778492,1711,987
228,0.36803464519095463,0.3617494440326168,0.21004098360655737,0.16550522648083624,1722,976
98,0.3694388220216308,0.3587842846553002,0.21487603305785125,0.1630057803468208,1730,968
508,0.3707156509047691,0.3598962194217939,0.21421215242018538,0.16328894035900404,1727,971
359,0.3769146964598412,0.36249073387694586,0.2147239263803681,0.16279069767441862,1720,978
250,0.3789451396634761,0.36286137879911046,0.21552604698672115,0.16230366492146597,1719,979
412,0.3863275514540251,0.35804299481097107,0.2267080745341615,0.1564665127020785,1732,966
373,0.38813898288434245,0.3680504077094144,0.21450151057401812,0.1624633431085044,1705,993
471,0.3886385584625901,0.3765752409191994,0.20374015748031496,0.16825208085612367,1682,1016
342,0.3982441383879694,0.3699036323202372,0.218436873747495,0.16,1700,998
